"","nombre","categoryName","address","location.lat","location.lng","1","2","3","4","5","6","7","8","9","10","11","12","13","14","15","16","17","18","19","20","21","22","23","24","day"
"1","Alakami Investments","Supermarket","Mercado mayorista, Santa Anita, Peru",-12.0370177,-76.9479746,1,1,0,6,11,15,19,22,24,24,21,15,8,0,1,1,1,1,1,1,1,1,1,1,"Mo"
"2","Brena market","Market","Jr. Restauración, Cercado de Lima 15083, Peru",-12.064933,-77.0479141,NA,NA,NA,NA,NA,0,0,21,32,41,45,44,38,31,25,21,18,0,0,0,0,0,0,NA,"Mo"
"3","Cachina 12","Market","calle bongara S/N Av Canto Grande PRD. 12 San Juan de Lurigancho Gobierno Regional de Lima LIMA, 36, Peru",-11.9647692,-77.0023254,NA,NA,NA,NA,NA,0,0,0,11,19,24,24,20,18,20,21,17,0,0,0,0,0,0,NA,"Mo"
"4","Centro Comercial ""COVIDA""","Market","Av. c/ Calle 15301 Perú, Daniel Hernandez, Lima, Peru",-11.9945527,-77.0767379,NA,NA,NA,NA,NA,0,11,22,37,52,62,65,58,47,40,45,64,86,94,78,48,0,0,NA,"Mo"
"5","Eduardo Mercado Chachi Divos","Market","Lima District 15096, Peru",-12.0174017,-77.0272044,NA,NA,NA,NA,NA,0,0,20,36,47,49,47,43,37,28,21,25,43,69,84,75,48,0,NA,"Mo"
"6","Elio Cooperative MARKET","Market","Roberto Thorndike Galup 1423, Cercado de Lima 15081, Peru",-12.0555109,-77.068861,NA,NA,NA,NA,NA,0,1,4,12,21,26,25,17,9,2,1,1,1,1,0,0,0,0,NA,"Mo"
"7","Future Market Peru","Flea market","Av Carabayllo, Lima 15311, Peru",-11.957948,-77.058859,NA,NA,NA,NA,0,1,27,61,27,44,56,55,48,42,36,30,21,0,0,0,0,0,NA,NA,"Mo"
"8","Gran Mercado Conzac","Shopping mall","Av. Angélica Gamarra 850, Cercado de Lima 15302, Peru",-12.0056994,-77.0714531,NA,NA,NA,0,3,9,17,25,32,38,42,42,36,27,22,24,30,33,30,21,11,NA,NA,NA,"Mo"
"9","Grumete Salamanca Market","Market","Calle Benjamín Franklin 620, Distrito de Lima 15022, Distrito de Lima 15022, Peru",-12.0670714,-76.9753465,NA,NA,NA,NA,NA,0,19,32,42,46,44,39,34,31,30,28,26,0,0,0,0,0,0,NA,"Mo"
"10","José Carlos Mariategui market","Market","Av José Carlos Mariategui 32, Lima 15412, Peru",-11.9680011,-77.0108485,NA,NA,NA,NA,0,4,9,17,27,38,45,43,34,23,18,17,18,19,0,0,0,0,NA,NA,"Mo"
"11","jueves Mercado Mirones","Market","Mariano Angulo 2421, Cercado de Lima 15081, Peru",-12.0372318,-77.0724978,NA,NA,NA,NA,0,2,7,15,27,39,45,42,33,23,15,11,9,7,0,0,0,0,NA,NA,"Mo"
"12","Market First of June","Market","Av. Alejandro Bertello 800, Cercado de Lima 15088, Peru",-12.0634113,-77.0708737,NA,NA,NA,NA,NA,0,0,34,56,62,56,55,64,71,67,52,34,19,0,0,0,0,0,NA,"Mo"
"13","Market October 9","Market","A Gomez, Cercado de Lima 15079, Peru",-12.0376207,-77.0604926,NA,NA,NA,NA,NA,0,0,27,36,45,54,59,59,50,40,27,13,0,0,0,0,0,0,NA,"Mo"
"14","Market san gabriel","Market","Azulejos 420, Distrito de Lima 15434, Peru",-11.9908396,-77.0029811,NA,NA,NA,NA,0,5,11,20,30,40,47,48,44,36,30,28,33,38,37,26,0,0,NA,NA,"Mo"
"15","Market Santa Rosa","Market","Jirón Amazonas, San Martín de Porres 15106, Peru",-12.0363012,-77.0886102,NA,NA,NA,NA,NA,0,2,5,27,51,63,59,44,32,27,26,26,0,0,0,0,0,0,NA,"Mo"
"16","Market The Hermit","Market","Lima District 15333, Peru",-11.9971997,-77.0528444,NA,NA,NA,NA,0,1,6,18,35,50,53,44,29,17,11,11,11,9,6,2,0,0,NA,NA,"Mo"
"17","Mercado ""La Merced""","Market","Avenida Emancipación, Cercado de Lima 15001, Peru",-12.0455791,-77.0391687,NA,NA,NA,NA,0,2,10,23,41,52,51,46,42,40,37,30,29,46,62,41,0,0,NA,NA,"Mo"
"18","Mercado ""Virgen del Carmen""","Market","Lima District 15434, Peru",-11.9929654,-77.0047444,NA,NA,NA,NA,NA,0,5,18,34,44,43,36,29,22,17,15,15,15,12,8,0,0,0,NA,"Mo"
"19","Mercado Artesanal","Market","Calle Gral. Suárez 315, Cercado de Lima 15074, Peru",-12.117468,-77.0279299,1,0,0,0,0,1,1,3,13,34,59,73,65,50,47,58,69,70,59,40,22,9,2,1,"Mo"
"20","Mercado Artesanal San Borja","Market","Av San Luis 1873, Lima 15021, Peru",-12.0855981,-76.9966405,NA,NA,NA,NA,NA,0,3,17,29,35,44,57,60,48,31,25,45,77,77,41,0,0,0,NA,"Mo"
"21","Mercado Belen","Market","Av Lima 2481, Cercado de Lima 15101, Peru",-12.0295233,-77.0718085,NA,NA,NA,NA,0,0,0,21,35,35,28,28,35,35,35,28,21,0,0,0,0,0,NA,NA,"Mo"
"22","Mercado Bolivar Pueblo Libre","Market","Jirón Mariano Pastor Sevilla 287-129, Cercado de Lima 15084, Peru",-12.0733048,-77.0656046,NA,NA,NA,NA,NA,0,7,18,30,39,49,60,57,41,29,25,23,16,0,0,0,0,0,NA,"Mo"
"23","Mercado Buenos Aires","Market","Prol. Lucanas 283, Cercado de Lima 15001, Peru",-12.0542514,-77.0195084,NA,NA,NA,NA,NA,0,20,35,38,37,42,47,38,21,7,1,1,1,0,0,0,0,0,NA,"Mo"
"24","Mercado Canta Callao","Market","Lima District 15109, Peru",-11.9835095,-77.0979738,NA,NA,NA,NA,0,0,2,2,34,63,47,21,26,31,10,2,2,0,0,0,0,0,NA,NA,"Mo"
"25","Mercado Central","Shopping mall","Jirón Ucayali 615, Cercado de Lima 15001, Peru",-12.0502319,-77.0260494,NA,NA,NA,NA,NA,0,3,8,16,28,42,54,62,62,58,57,60,61,51,32,0,0,0,NA,"Mo"
"26","Mercado Centro Cívico","Market","Lima District 15101, Peru",-12.0282366,-77.0720097,NA,NA,NA,NA,0,1,1,6,16,27,33,31,24,14,5,1,1,0,0,0,0,0,NA,NA,"Mo"
"27","Mercado Conde de la Vega","Market","Jiron Acomayo, Av. Dos de Mayo 102, Cercado de Lima 15079, Peru",-12.03794,-77.0490996,NA,NA,NA,NA,NA,0,0,0,23,32,37,36,30,23,17,13,11,10,9,0,0,0,0,NA,"Mo"
"28","Mercado Corpac","Market","Av. Antunez de Mayolo, Distrito de Lima 15108, Peru",-12.0040721,-77.0942546,NA,NA,NA,NA,NA,0,0,0,45,75,86,68,44,35,40,40,27,0,0,0,0,0,0,NA,"Mo"
"29","Mercado De Las Praderas","Market","Yarquil 218, Cercado de Lima 15009, Peru",-12.0336931,-76.9626433,NA,NA,NA,NA,0,10,19,32,43,50,50,42,32,23,19,17,19,19,16,12,0,0,NA,NA,"Mo"
"30","Mercado De Surquillo","Farmers' market","Lizardo Montero 705, Surquillo 15047, PeruLocated in: Market No. 2 Surquillo",-12.1109983,-77.0241483,NA,NA,NA,NA,NA,0,0,0,32,55,71,71,59,44,34,27,0,0,0,0,0,0,0,NA,"Mo"
"31","Mercado El Bosque","Market","Av. Proceres de la Independencia 268, Cercado de Lima 15404, Peru",-12.0305244,-77.0128163,NA,NA,0,1,4,14,26,32,34,39,45,46,40,30,24,21,20,16,9,4,NA,NA,NA,NA,"Mo"
"32","Mercado Elio","Market","Reynaldo Saavedra Pinón 2674, Cercado de Lima 15081, Peru",-12.0545947,-77.0711829,NA,NA,NA,NA,NA,0,0,0,20,26,30,33,36,40,43,43,43,40,0,0,0,0,0,NA,"Mo"
"33","Mercado Familias Unidas","Market","Ramon Rodriguez Lima, San Juan de Miraflores 15801, Peru",-12.1604042,-76.9650063,NA,NA,NA,NA,NA,0,0,22,45,61,61,47,31,21,16,14,11,0,0,0,0,0,0,NA,"Mo"
"34","MERCADO FLORA TRISTAN","Market","Flora Tristan 793-845, Cercado de Lima 15818, Peru",-12.1899311,-76.9224535,NA,NA,NA,NA,NA,0,28,48,60,68,64,60,52,52,56,56,56,0,0,0,0,0,0,NA,"Mo"
"35","Mercado La Aurora","Market","Avenida Emancipación 668 Jirón Cañete 473, Jirón Huancavelica 661, Cercado de Lima 15001, Peru",-12.0451873,-77.0390272,NA,NA,NA,NA,NA,0,10,26,47,59,58,57,58,54,42,39,49,54,39,0,0,0,0,NA,"Mo"
"36","Mercado La Inmaculada","Market","Av. Materiales 1973, Cercado de Lima 15081, Peru",-12.0410888,-77.0674417,NA,NA,NA,NA,0,4,10,19,29,38,39,35,26,18,15,16,18,17,14,0,0,0,NA,NA,"Mo"
"37","Mercado La Merced","Market","Jirón Pérez de Tudela, Cercado de Lima 15081, Peru",-12.0359805,-77.0663448,NA,NA,NA,NA,NA,0,22,40,48,43,28,16,12,10,6,5,10,0,0,0,0,0,0,NA,"Mo"
"38","Mercado La Ponderosa","Market","Av. Universitaria 524, Cercado de Lima 15086, Peru",-12.0850112,-77.0827117,NA,NA,NA,NA,NA,0,7,17,35,56,71,73,61,43,28,0,0,0,0,0,0,0,0,NA,"Mo"
"39","Mercado Los Incas","Market","Independencia 15332, Peru",-11.9802012,-77.0583666,NA,NA,NA,NA,NA,0,15,29,39,45,50,56,58,51,41,42,63,91,100,77,0,0,0,NA,"Mo"
"40","Mercado Los Vencedores","Market","de, Sta. Rosa de Lima 1813, San Juan de Lurigancho 15431, Peru",-11.9979722,-77.0003176,NA,NA,NA,NA,NA,0,8,21,32,35,33,29,22,16,12,10,9,7,5,0,0,0,0,NA,"Mo"
"41","Mercado Mayorista De Frutas","Market","Av Nicolás Arriola 4046, Cercado de Lima 15021, PeruLocated in: Wholesale Market Fruit No. 2",-12.0683307,-76.9975107,NA,NA,NA,0,13,22,29,34,36,35,34,31,28,22,17,11,7,0,0,0,0,NA,NA,NA,"Mo"
"42","Mercado Mayorista de platanos","Fruit wholesaler","Avenida San Juan 318 San Luis, Lima 15021, Peru",-12.0766797,-77.0084504,NA,NA,NA,NA,NA,0,35,45,51,58,71,88,100,98,85,71,58,46,0,0,0,0,0,NA,"Mo"
"43","Mercado Moderno Los Cipreses","Market","Mariano Arredondo 2777, Cercado de Lima 15081, Peru",-12.054395,-77.0782005,NA,NA,NA,NA,NA,0,0,30,45,59,63,60,50,40,30,22,0,0,0,0,0,0,0,NA,"Mo"
"44","Mercado N°. 1 Tahuantinsuyo","Market","Inca Roca 5, Distrito de Lima 15332, Peru",-11.9813587,-77.0531323,NA,NA,NA,NA,0,1,4,10,20,31,38,36,28,18,12,11,10,7,0,0,0,0,NA,NA,"Mo"
"45","Mercado N°. 2 Surco","Market","Jiron Franklin D. Roosevelt 898, Distrito de Lima 15063, PeruLocated in: Mercado Anexo N°. 2 Surco",-12.1464416,-77.0140783,NA,NA,NA,NA,NA,0,4,11,23,36,45,44,34,23,18,22,28,25,15,0,0,0,0,NA,"Mo"
"46","Mercado Palermo","Market","avenida 15034, Av Palermo 525, Cercado de Lima, Peru",-12.0814303,-77.0229474,NA,NA,NA,NA,NA,0,12,27,31,30,32,31,24,19,19,20,20,17,0,0,0,0,0,NA,"Mo"
"47","Mercado Pando","Market","Lima District 15088, Peru",-12.0613848,-77.0779498,NA,NA,NA,NA,0,2,6,13,22,33,44,45,31,15,7,5,4,0,0,0,0,0,NA,NA,"Mo"
"48","Mercado Paulet","Market","Pedro Paulet 283-297, Cercado de Lima 15102, Peru",-12.0251758,-77.0536684,NA,NA,NA,NA,NA,0,0,31,48,54,56,60,58,46,30,16,7,0,0,0,0,0,0,NA,"Mo"
"49","Mercado Primero de Mayo","Market","Av. Alejandro Bertello 877, Cercado de Lima 15088, Peru",-12.0639763,-77.071373,NA,NA,NA,NA,NA,0,0,23,42,59,66,63,53,44,39,34,30,0,0,0,0,0,0,NA,"Mo"
"50","Mercado San Antonio","Market","Avenida Perú 34-35, Cercado de Lima 15106, Peru",-12.029562,-77.0855625,NA,NA,NA,NA,NA,0,6,15,28,41,49,48,39,28,24,26,32,34,28,0,0,0,0,NA,"Mo"
"51","Mercado San Felipe","Market","Jirón Domingo Martinez Luján 621, Cercado de Lima 15048, Peru",-12.1141104,-77.0163093,NA,NA,NA,NA,NA,0,10,20,26,29,31,30,25,19,14,13,14,16,15,12,8,0,0,NA,"Mo"
"52","Mercado San Juan","Market","Lima District 15427, Peru",-12.0141815,-76.9990245,NA,NA,NA,NA,NA,0,7,16,27,36,37,29,18,9,6,7,8,8,6,0,0,0,0,NA,"Mo"
"53","Mercado San Juan Grande","Market","Lima District 15056, Peru",-12.1576741,-76.9842807,NA,NA,NA,NA,NA,0,0,11,23,34,38,33,25,18,14,10,6,0,0,0,0,0,0,NA,"Mo"
"54","Mercado Santa Isabel De Villa","Market","Lima District 15058, Peru",-12.2003009,-76.9787784,NA,NA,NA,NA,NA,0,0,27,51,69,74,70,61,51,41,33,27,0,0,0,0,0,0,NA,"Mo"
"55","Mercado Santa Rosa","Market","Palmeras 521, Cercado de Lima 15007, Peru",-12.053296,-76.9811814,NA,NA,NA,NA,0,1,4,11,22,33,36,28,17,8,4,2,1,0,0,0,0,0,NA,NA,"Mo"
"56","Mercado Santiago Apóstol","Market","Jiron Franklin D. Roosevelt 164, Cercado de Lima 15049, Peru",-12.146325,-77.0070305,NA,NA,NA,NA,NA,0,3,14,30,48,65,80,83,69,49,36,27,0,0,0,0,0,0,NA,"Mo"
"57","Mercado Tupac Amaru","Market","Lima District 15457, Peru",-12.021798,-76.9676176,NA,NA,NA,NA,0,1,1,13,27,36,35,27,15,4,1,1,1,1,1,1,1,0,NA,NA,"Mo"
"58","Mercado Vara de Oro","Market","Vara de Oro Avenida Gran Chimú 880, Cercado de Lima 15401, Peru",-12.025329,-76.9985954,NA,NA,NA,NA,NA,0,4,13,24,35,41,40,33,23,18,22,37,53,58,48,29,0,0,NA,"Mo"
"59","Mercado Virgen de Guadalupe","Market","Jirón Pachitea 374, Cercado de Lima 15001, Peru",-12.0548724,-77.0336883,NA,NA,NA,NA,0,6,24,55,76,67,53,62,79,70,41,20,0,0,0,0,0,0,NA,NA,"Mo"
"60","Miraflores Indian Market","Market","Av. Petit Thouars 5321, Miraflores 15074, Peru",-12.1161458,-77.0281774,NA,NA,NA,NA,NA,0,0,0,0,26,52,68,64,53,53,60,67,63,46,0,0,0,0,NA,"Mo"
"61","Municipal Market of San Isidro","Market","Av. Augusto Pérez Araníbar, San Isidro 15076, Peru",-12.1088831,-77.0538501,NA,NA,NA,NA,NA,0,15,29,40,42,45,67,93,90,55,24,0,0,0,0,0,0,0,NA,"Mo"
"62","Municipal Market Santa Cruz","Market","Calle Gral Mendiburu 1175, Miraflores 15074, Peru",-12.110469,-77.049871,NA,NA,NA,NA,NA,0,19,35,49,63,83,100,94,69,42,25,15,0,0,0,0,0,0,NA,"Mo"
"63","Rospigliosi Modern Market","Market","Jirón Manuel Segura 537, Cercado de Lima 15046, Peru",-12.079163,-77.0321089,NA,NA,NA,NA,NA,0,0,19,32,40,43,42,36,26,18,16,19,18,12,0,0,0,0,NA,"Mo"
"64","Santa Rosa Market","Market","Guardia Civil 433, esquina con, Av. Guardia Peruana Urb, Chorrillos 15056, Peru",-12.1832405,-77.0005833,NA,NA,NA,NA,0,7,17,30,43,52,58,60,57,50,45,49,60,66,59,40,0,0,NA,NA,"Mo"
"65","Special services cooperative winner Miguel Grau","Market","Flor De Mayo 18, Cercado de Lima 15333, Peru",-12.0057505,-77.0520386,NA,NA,NA,NA,NA,0,4,12,25,39,43,34,22,12,8,6,5,0,0,0,0,0,0,NA,"Mo"
"66","Town and Country Market","Market","Santos Chocano Agullar 174, Rímac 15094, Peru",-12.0251687,-77.0284697,NA,NA,NA,NA,0,1,7,18,33,45,48,41,29,21,18,16,14,10,0,0,0,0,NA,NA,"Mo"
"67","Alakami Investments","Supermarket","Mercado mayorista, Santa Anita, Peru",-12.0370177,-76.9479746,1,1,1,11,25,35,40,41,40,38,33,25,14,3,1,1,1,1,1,1,9,1,1,1,"Tu"
"68","Brena market","Market","Jr. Restauración, Cercado de Lima 15083, Peru",-12.064933,-77.0479141,NA,NA,NA,NA,NA,0,0,22,37,47,50,47,43,37,31,25,20,0,0,0,0,0,0,NA,"Tu"
"69","Cachina 12","Market","calle bongara S/N Av Canto Grande PRD. 12 San Juan de Lurigancho Gobierno Regional de Lima LIMA, 36, Peru",-11.9647692,-77.0023254,NA,NA,NA,NA,NA,0,0,0,8,17,25,27,26,27,29,28,22,0,0,0,0,0,0,NA,"Tu"
"70","Centro Comercial ""COVIDA""","Market","Av. c/ Calle 15301 Perú, Daniel Hernandez, Lima, Peru",-11.9945527,-77.0767379,NA,NA,NA,NA,NA,0,11,25,42,60,72,76,69,58,55,64,84,100,98,79,0,0,0,NA,"Tu"
"71","Eduardo Mercado Chachi Divos","Market","Lima District 15096, Peru",-12.0174017,-77.0272044,NA,NA,NA,NA,NA,0,0,12,24,38,50,57,55,46,34,27,32,53,79,92,11,53,0,NA,"Tu"
"72","Elio Cooperative MARKET","Market","Roberto Thorndike Galup 1423, Cercado de Lima 15081, Peru",-12.0555109,-77.068861,NA,NA,NA,NA,NA,0,1,5,16,27,33,30,22,15,10,7,4,2,1,0,0,0,0,NA,"Tu"
"73","Future Market Peru","Flea market","Av Carabayllo, Lima 15311, Peru",-11.957948,-77.058859,NA,NA,NA,NA,0,10,32,50,46,52,72,74,54,34,26,21,13,0,0,0,0,0,NA,NA,"Tu"
"74","Gran Mercado Conzac","Shopping mall","Av. Angélica Gamarra 850, Cercado de Lima 15302, Peru",-12.0056994,-77.0714531,NA,NA,NA,0,3,8,15,25,35,43,46,44,37,30,26,27,31,33,29,21,2,NA,NA,NA,"Tu"
"75","Grumete Salamanca Market","Market","Calle Benjamín Franklin 620, Distrito de Lima 15022, Distrito de Lima 15022, Peru",-12.0670714,-76.9753465,NA,NA,NA,NA,NA,0,16,32,48,58,58,50,40,32,29,28,28,0,0,0,0,0,0,NA,"Tu"
"76","José Carlos Mariategui market","Market","Av José Carlos Mariategui 32, Lima 15412, Peru",-11.9680011,-77.0108485,NA,NA,NA,NA,0,6,13,23,34,42,44,39,29,21,18,19,24,22,0,0,0,0,NA,NA,"Tu"
"77","jueves Mercado Mirones","Market","Mariano Angulo 2421, Cercado de Lima 15081, Peru",-12.0372318,-77.0724978,NA,NA,NA,NA,0,6,12,22,32,40,48,50,42,30,21,17,15,11,7,0,0,0,NA,NA,"Tu"
"78","Market First of June","Market","Av. Alejandro Bertello 800, Cercado de Lima 15088, Peru",-12.0634113,-77.0708737,NA,NA,NA,NA,NA,0,0,31,54,68,73,78,83,80,66,46,28,14,0,0,0,0,0,NA,"Tu"
"79","Market October 9","Market","A Gomez, Cercado de Lima 15079, Peru",-12.0376207,-77.0604926,NA,NA,NA,NA,NA,0,0,50,77,54,40,50,63,63,54,40,31,0,0,0,0,0,0,NA,"Tu"
"80","Market san gabriel","Market","Azulejos 420, Distrito de Lima 15434, Peru",-11.9908396,-77.0029811,NA,NA,NA,NA,0,4,19,38,46,43,49,56,47,34,30,34,36,35,30,24,0,0,NA,NA,"Tu"
"81","Market Santa Rosa","Market","Jirón Amazonas, San Martín de Porres 15106, Peru",-12.0363012,-77.0886102,NA,NA,NA,NA,NA,0,2,2,26,57,63,48,39,41,44,42,35,0,0,0,0,0,0,NA,"Tu"
"82","Market The Hermit","Market","Lima District 15333, Peru",-11.9971997,-77.0528444,NA,NA,NA,NA,0,0,7,20,38,53,58,49,35,23,18,18,18,15,10,5,0,0,NA,NA,"Tu"
"83","Mercado ""La Merced""","Market","Avenida Emancipación, Cercado de Lima 15001, Peru",-12.0455791,-77.0391687,NA,NA,NA,NA,0,5,11,22,35,50,60,62,57,44,30,19,21,54,72,35,0,0,NA,NA,"Tu"
"84","Mercado ""Virgen del Carmen""","Market","Lima District 15434, Peru",-11.9929654,-77.0047444,NA,NA,NA,NA,NA,0,5,17,33,44,47,45,39,29,23,22,22,21,17,13,0,0,0,NA,"Tu"
"85","Mercado Artesanal","Market","Calle Gral. Suárez 315, Cercado de Lima 15074, Peru",-12.117468,-77.0279299,0,0,0,0,0,0,1,4,18,42,66,75,64,53,54,65,71,65,49,29,13,4,0,1,"Tu"
"86","Mercado Artesanal San Borja","Market","Av San Luis 1873, Lima 15021, Peru",-12.0855981,-76.9966405,NA,NA,NA,NA,NA,0,3,16,29,34,40,49,52,43,29,26,47,71,63,29,0,0,0,NA,"Tu"
"87","Mercado Belen","Market","Av Lima 2481, Cercado de Lima 15101, Peru",-12.0295233,-77.0718085,NA,NA,NA,NA,0,7,7,14,21,28,28,28,35,35,35,35,21,0,0,0,0,0,NA,NA,"Tu"
"88","Mercado Bolivar Pueblo Libre","Market","Jirón Mariano Pastor Sevilla 287-129, Cercado de Lima 15084, Peru",-12.0733048,-77.0656046,NA,NA,NA,NA,NA,0,7,19,34,48,60,65,59,45,33,25,19,13,0,0,0,0,0,NA,"Tu"
"89","Mercado Buenos Aires","Market","Prol. Lucanas 283, Cercado de Lima 15001, Peru",-12.0542514,-77.0195084,NA,NA,NA,NA,NA,0,19,37,49,55,55,49,36,22,10,4,0,1,0,0,0,0,0,NA,"Tu"
"90","Mercado Canta Callao","Market","Lima District 15109, Peru",-11.9835095,-77.0979738,NA,NA,NA,NA,0,2,2,13,36,52,57,52,44,42,34,23,10,0,0,0,0,0,NA,NA,"Tu"
"91","Mercado Central","Shopping mall","Jirón Ucayali 615, Cercado de Lima 15001, Peru",-12.0502319,-77.0260494,NA,NA,NA,NA,NA,0,4,9,19,32,47,61,68,68,63,60,60,58,45,26,0,0,0,NA,"Tu"
"92","Mercado Centro Cívico","Market","Lima District 15101, Peru",-12.0282366,-77.0720097,NA,NA,NA,NA,0,1,1,8,22,35,42,41,33,22,11,3,1,0,0,0,0,0,NA,NA,"Tu"
"93","Mercado Conde de la Vega","Market","Jiron Acomayo, Av. Dos de Mayo 102, Cercado de Lima 15079, Peru",-12.03794,-77.0490996,NA,NA,NA,NA,NA,0,0,0,25,39,43,35,25,20,18,17,15,13,11,0,0,0,0,NA,"Tu"
"94","Mercado Corpac","Market","Av. Antunez de Mayolo, Distrito de Lima 15108, Peru",-12.0040721,-77.0942546,NA,NA,NA,NA,NA,0,0,0,36,56,63,53,40,39,45,43,27,0,0,0,0,0,0,NA,"Tu"
"95","Mercado De Las Praderas","Market","Yarquil 218, Cercado de Lima 15009, Peru",-12.0336931,-76.9626433,NA,NA,NA,NA,0,3,10,20,30,41,56,56,35,24,24,24,21,16,12,7,0,0,NA,NA,"Tu"
"96","Mercado El Bosque","Market","Av. Proceres de la Independencia 268, Cercado de Lima 15404, Peru",-12.0305244,-77.0128163,NA,NA,0,0,3,11,25,37,42,46,52,51,39,26,25,32,31,17,5,1,NA,NA,NA,NA,"Tu"
"97","Mercado Elio","Market","Reynaldo Saavedra Pinón 2674, Cercado de Lima 15081, Peru",-12.0545947,-77.0711829,NA,NA,NA,NA,NA,0,0,0,26,33,36,36,36,33,33,30,30,26,0,0,0,0,0,NA,"Tu"
"98","Mercado Familias Unidas","Market","Ramon Rodriguez Lima, San Juan de Miraflores 15801, Peru",-12.1604042,-76.9650063,NA,NA,NA,NA,NA,0,0,34,55,59,60,56,36,19,12,10,8,0,0,0,0,0,0,NA,"Tu"
"99","MERCADO FLORA TRISTAN","Market","Flora Tristan 793-845, Cercado de Lima 15818, Peru",-12.1899311,-76.9224535,NA,NA,NA,NA,NA,0,16,28,40,52,60,56,48,40,32,28,24,0,0,0,0,0,0,NA,"Tu"
"100","Mercado La Aurora","Market","Avenida Emancipación 668 Jirón Cañete 473, Jirón Huancavelica 661, Cercado de Lima 15001, Peru",-12.0451873,-77.0390272,NA,NA,NA,NA,NA,0,18,35,50,60,65,69,66,55,44,42,45,44,32,0,0,0,0,NA,"Tu"
"101","Mercado La Inmaculada","Market","Av. Materiales 1973, Cercado de Lima 15081, Peru",-12.0410888,-77.0674417,NA,NA,NA,NA,0,14,22,21,28,39,41,32,22,17,16,16,16,14,11,0,0,0,NA,NA,"Tu"
"102","Mercado La Merced","Market","Jirón Pérez de Tudela, Cercado de Lima 15081, Peru",-12.0359805,-77.0663448,NA,NA,NA,NA,NA,0,15,26,32,28,21,17,16,14,9,6,10,0,0,0,0,0,0,NA,"Tu"
"103","Mercado La Ponderosa","Market","Av. Universitaria 524, Cercado de Lima 15086, Peru",-12.0850112,-77.0827117,NA,NA,NA,NA,NA,0,8,21,42,66,85,89,75,52,29,0,0,0,0,0,0,0,0,NA,"Tu"
"104","Mercado Los Incas","Market","Independencia 15332, Peru",-11.9802012,-77.0583666,NA,NA,NA,NA,NA,0,16,31,44,52,57,62,63,57,51,58,79,96,92,66,0,0,0,NA,"Tu"
"105","Mercado Los Vencedores","Market","de, Sta. Rosa de Lima 1813, San Juan de Lurigancho 15431, Peru",-11.9979722,-77.0003176,NA,NA,NA,NA,NA,0,13,27,41,45,41,34,25,18,12,9,7,6,4,0,0,0,0,NA,"Tu"
"106","Mercado Mayorista De Frutas","Market","Av Nicolás Arriola 4046, Cercado de Lima 15021, PeruLocated in: Wholesale Market Fruit No. 2",-12.0683307,-76.9975107,NA,NA,NA,0,15,24,31,35,36,35,33,31,27,22,16,12,8,0,0,0,0,NA,NA,NA,"Tu"
"107","Mercado Mayorista de platanos","Fruit wholesaler","Avenida San Juan 318 San Luis, Lima 15021, Peru",-12.0766797,-77.0084504,NA,NA,NA,NA,NA,0,41,55,60,63,70,81,91,96,94,83,67,49,0,0,0,0,0,NA,"Tu"
"108","Mercado Moderno Los Cipreses","Market","Mariano Arredondo 2777, Cercado de Lima 15081, Peru",-12.054395,-77.0782005,NA,NA,NA,NA,NA,0,0,30,56,59,43,37,38,38,31,22,0,0,0,0,0,0,0,NA,"Tu"
"109","Mercado N°. 1 Tahuantinsuyo","Market","Inca Roca 5, Distrito de Lima 15332, Peru",-11.9813587,-77.0531323,NA,NA,NA,NA,0,2,6,14,24,34,40,38,30,21,14,10,8,8,0,0,0,0,NA,NA,"Tu"
"110","Mercado N°. 2 Surco","Market","Jiron Franklin D. Roosevelt 898, Distrito de Lima 15063, PeruLocated in: Mercado Anexo N°. 2 Surco",-12.1464416,-77.0140783,NA,NA,NA,NA,NA,0,5,16,33,48,54,53,47,39,33,36,41,37,25,0,0,0,0,NA,"Tu"
"111","Mercado Palermo","Market","avenida 15034, Av Palermo 525, Cercado de Lima, Peru",-12.0814303,-77.0229474,NA,NA,NA,NA,NA,0,12,21,31,41,43,38,30,25,22,20,18,13,0,0,0,0,0,NA,"Tu"
"112","Mercado Pando","Market","Lima District 15088, Peru",-12.0613848,-77.0779498,NA,NA,NA,NA,0,4,10,20,34,44,43,34,24,18,14,10,8,0,0,0,0,0,NA,NA,"Tu"
"113","Mercado Paulet","Market","Pedro Paulet 283-297, Cercado de Lima 15102, Peru",-12.0251758,-77.0536684,NA,NA,NA,NA,NA,0,0,25,43,62,74,72,60,43,30,21,15,0,0,0,0,0,0,NA,"Tu"
"114","Mercado Primero de Mayo","Market","Av. Alejandro Bertello 877, Cercado de Lima 15088, Peru",-12.0639763,-77.071373,NA,NA,NA,NA,NA,0,0,29,50,67,73,70,59,49,41,35,29,0,0,0,0,0,0,NA,"Tu"
"115","Mercado San Antonio","Market","Avenida Perú 34-35, Cercado de Lima 15106, Peru",-12.029562,-77.0855625,NA,NA,NA,NA,NA,0,7,17,32,47,58,58,48,36,30,33,41,43,36,0,0,0,0,NA,"Tu"
"116","Mercado San Felipe","Market","Jirón Domingo Martinez Luján 621, Cercado de Lima 15048, Peru",-12.1141104,-77.0163093,NA,NA,NA,NA,NA,0,10,22,30,31,32,31,25,18,14,15,17,18,16,12,4,0,0,NA,"Tu"
"117","Mercado San Juan","Market","Lima District 15427, Peru",-12.0141815,-76.9990245,NA,NA,NA,NA,NA,0,7,16,28,38,40,33,24,17,13,8,5,8,7,0,0,0,0,NA,"Tu"
"118","Mercado San Juan Grande","Market","Lima District 15056, Peru",-12.1576741,-76.9842807,NA,NA,NA,NA,NA,0,0,15,34,44,46,42,27,17,13,11,7,0,0,0,0,0,0,NA,"Tu"
"119","Mercado Santa Isabel De Villa","Market","Lima District 15058, Peru",-12.2003009,-76.9787784,NA,NA,NA,NA,NA,0,0,40,64,74,67,56,50,45,40,33,26,0,0,0,0,0,0,NA,"Tu"
"120","Mercado Santa Rosa","Market","Palmeras 521, Cercado de Lima 15007, Peru",-12.053296,-76.9811814,NA,NA,NA,NA,0,1,4,12,25,35,35,25,13,7,5,5,4,0,0,0,0,0,NA,NA,"Tu"
"121","Mercado Santiago Apóstol","Market","Jiron Franklin D. Roosevelt 164, Cercado de Lima 15049, Peru",-12.146325,-77.0070305,NA,NA,NA,NA,NA,0,9,19,31,42,56,76,89,79,54,35,28,0,0,0,0,0,0,NA,"Tu"
"122","Mercado Tupac Amaru","Market","Lima District 15457, Peru",-12.021798,-76.9676176,NA,NA,NA,NA,0,1,5,24,43,51,46,37,23,9,1,1,1,0,0,1,1,0,NA,NA,"Tu"
"123","Mercado Vara de Oro","Market","Vara de Oro Avenida Gran Chimú 880, Cercado de Lima 15401, Peru",-12.025329,-76.9985954,NA,NA,NA,NA,NA,0,6,16,30,43,51,51,42,31,25,30,45,60,63,51,0,0,0,NA,"Tu"
"124","Mercado Virgen de Guadalupe","Market","Jirón Pachitea 374, Cercado de Lima 15001, Peru",-12.0548724,-77.0336883,NA,NA,NA,NA,0,2,16,54,72,49,42,75,100,82,45,24,0,0,0,0,0,0,NA,NA,"Tu"
"125","Miraflores Indian Market","Market","Av. Petit Thouars 5321, Miraflores 15074, Peru",-12.1161458,-77.0281774,NA,NA,NA,NA,NA,0,0,0,0,29,50,63,61,52,53,63,69,61,41,0,0,0,0,NA,"Tu"
"126","Municipal Market of San Isidro","Market","Av. Augusto Pérez Araníbar, San Isidro 15076, Peru",-12.1088831,-77.0538501,NA,NA,NA,NA,NA,0,14,29,41,49,58,74,87,78,52,25,0,0,0,0,0,0,0,NA,"Tu"
"127","Municipal Market Santa Cruz","Market","Calle Gral Mendiburu 1175, Miraflores 15074, Peru",-12.110469,-77.049871,NA,NA,NA,NA,NA,0,18,38,57,72,83,91,87,68,45,27,16,0,0,0,0,0,0,NA,"Tu"
"128","Rospigliosi Modern Market","Market","Jirón Manuel Segura 537, Cercado de Lima 15046, Peru",-12.079163,-77.0321089,NA,NA,NA,NA,NA,0,0,21,36,43,44,44,41,30,20,16,17,16,11,0,0,0,0,NA,"Tu"
"129","Santa Rosa Market","Market","Guardia Civil 433, esquina con, Av. Guardia Peruana Urb, Chorrillos 15056, Peru",-12.1832405,-77.0005833,NA,NA,NA,NA,0,7,19,35,48,58,67,70,64,53,49,53,61,62,53,37,0,0,NA,NA,"Tu"
"130","Special services cooperative winner Miguel Grau","Market","Flor De Mayo 18, Cercado de Lima 15333, Peru",-12.0057505,-77.0520386,NA,NA,NA,NA,NA,0,7,18,33,47,51,43,30,18,12,8,6,0,0,0,0,0,0,NA,"Tu"
"131","Town and Country Market","Market","Santos Chocano Agullar 174, Rímac 15094, Peru",-12.0251687,-77.0284697,NA,NA,NA,NA,0,2,8,20,37,51,55,49,38,29,25,22,20,16,0,0,0,0,NA,NA,"Tu"
"132","Alakami Investments","Supermarket","Mercado mayorista, Santa Anita, Peru",-12.0370177,-76.9479746,1,1,1,7,12,16,19,23,27,28,25,17,7,1,1,1,1,1,1,1,1,1,1,1,"We"
"133","Brena market","Market","Jr. Restauración, Cercado de Lima 15083, Peru",-12.064933,-77.0479141,NA,NA,NA,NA,NA,0,0,17,28,37,42,40,34,26,20,16,14,0,0,0,0,0,0,NA,"We"
"134","Cachina 12","Market","calle bongara S/N Av Canto Grande PRD. 12 San Juan de Lurigancho Gobierno Regional de Lima LIMA, 36, Peru",-11.9647692,-77.0023254,NA,NA,NA,NA,NA,0,0,0,10,19,22,20,20,22,20,15,7,0,0,0,0,0,0,NA,"We"
"135","Centro Comercial ""COVIDA""","Market","Av. c/ Calle 15301 Perú, Daniel Hernandez, Lima, Peru",-11.9945527,-77.0767379,NA,NA,NA,NA,NA,0,10,20,33,46,55,57,51,42,37,41,54,67,68,54,33,0,0,NA,"We"
"136","Eduardo Mercado Chachi Divos","Market","Lima District 15096, Peru",-12.0174017,-77.0272044,NA,NA,NA,NA,NA,0,0,13,23,34,43,47,47,42,34,28,32,48,68,76,64,39,0,NA,"We"
"137","Elio Cooperative MARKET","Market","Roberto Thorndike Galup 1423, Cercado de Lima 15081, Peru",-12.0555109,-77.068861,NA,NA,NA,NA,NA,0,1,4,12,21,27,25,17,8,2,1,0,1,1,0,0,0,0,NA,"We"
"138","Future Market Peru","Flea market","Av Carabayllo, Lima 15311, Peru",-11.957948,-77.058859,NA,NA,NA,NA,0,6,22,44,54,51,50,53,54,47,36,25,14,0,0,0,0,0,NA,NA,"We"
"139","Gran Mercado Conzac","Shopping mall","Av. Angélica Gamarra 850, Cercado de Lima 15302, Peru",-12.0056994,-77.0714531,NA,NA,NA,0,2,7,15,25,32,37,39,37,31,23,19,20,23,25,22,16,9,NA,NA,NA,"We"
"140","Grumete Salamanca Market","Market","Calle Benjamín Franklin 620, Distrito de Lima 15022, Distrito de Lima 15022, Peru",-12.0670714,-76.9753465,NA,NA,NA,NA,NA,0,13,27,42,52,53,45,34,26,23,22,23,0,0,0,0,0,0,NA,"We"
"141","José Carlos Mariategui market","Market","Av José Carlos Mariategui 32, Lima 15412, Peru",-11.9680011,-77.0108485,NA,NA,NA,NA,0,2,9,22,34,39,40,37,31,23,16,12,12,13,0,0,0,0,NA,NA,"We"
"142","jueves Mercado Mirones","Market","Mariano Angulo 2421, Cercado de Lima 15081, Peru",-12.0372318,-77.0724978,NA,NA,NA,NA,0,4,11,20,31,40,45,43,32,20,13,9,7,5,0,0,0,0,NA,NA,"We"
"143","Market First of June","Market","Av. Alejandro Bertello 800, Cercado de Lima 15088, Peru",-12.0634113,-77.0708737,NA,NA,NA,NA,NA,0,0,29,49,60,62,63,69,74,67,51,33,19,0,0,0,0,0,NA,"We"
"144","Market October 9","Market","A Gomez, Cercado de Lima 15079, Peru",-12.0376207,-77.0604926,NA,NA,NA,NA,NA,0,0,36,50,59,63,63,54,50,40,31,22,0,0,0,0,0,0,NA,"We"
"145","Market san gabriel","Market","Azulejos 420, Distrito de Lima 15434, Peru",-11.9908396,-77.0029811,NA,NA,NA,NA,0,8,16,25,35,43,48,47,43,36,30,29,32,36,34,25,0,0,NA,NA,"We"
"146","Market Santa Rosa","Market","Jirón Amazonas, San Martín de Porres 15106, Peru",-12.0363012,-77.0886102,NA,NA,NA,NA,NA,0,2,5,23,44,62,67,60,46,34,29,27,0,0,0,0,0,0,NA,"We"
"147","Market The Hermit","Market","Lima District 15333, Peru",-11.9971997,-77.0528444,NA,NA,NA,NA,0,1,6,20,35,45,46,40,29,18,12,9,7,5,2,0,0,0,NA,NA,"We"
"148","Mercado ""La Merced""","Market","Avenida Emancipación, Cercado de Lima 15001, Peru",-12.0455791,-77.0391687,NA,NA,NA,NA,0,5,11,21,33,45,52,53,46,35,23,16,20,39,47,30,0,0,NA,NA,"We"
"149","Mercado ""Virgen del Carmen""","Market","Lima District 15434, Peru",-11.9929654,-77.0047444,NA,NA,NA,NA,NA,0,7,16,26,35,39,35,28,20,15,12,10,8,6,3,0,0,0,NA,"We"
"150","Mercado Artesanal","Market","Calle Gral. Suárez 315, Cercado de Lima 15074, Peru",-12.117468,-77.0279299,0,0,0,0,0,1,0,4,13,29,46,58,59,53,50,56,68,69,56,34,15,4,1,1,"We"
"151","Mercado Artesanal San Borja","Market","Av San Luis 1873, Lima 15021, Peru",-12.0855981,-76.9966405,NA,NA,NA,NA,NA,0,13,18,19,34,49,58,57,47,33,26,34,52,52,30,0,0,0,NA,"We"
"152","Mercado Bolivar Pueblo Libre","Market","Jirón Mariano Pastor Sevilla 287-129, Cercado de Lima 15084, Peru",-12.0733048,-77.0656046,NA,NA,NA,NA,NA,0,5,15,25,34,43,52,50,34,22,20,18,13,0,0,0,0,0,NA,"We"
"153","Mercado Buenos Aires","Market","Prol. Lucanas 283, Cercado de Lima 15001, Peru",-12.0542514,-77.0195084,NA,NA,NA,NA,NA,0,10,28,44,48,42,33,26,18,11,5,1,1,0,0,0,0,0,NA,"We"
"154","Mercado Canta Callao","Market","Lima District 15109, Peru",-11.9835095,-77.0979738,NA,NA,NA,NA,0,2,2,18,34,44,44,31,18,7,5,7,5,0,0,0,0,0,NA,NA,"We"
"155","Mercado Central","Shopping mall","Jirón Ucayali 615, Cercado de Lima 15001, Peru",-12.0502319,-77.0260494,NA,NA,NA,NA,NA,0,3,7,15,26,38,49,55,54,50,48,51,51,41,24,0,0,0,NA,"We"
"156","Mercado Centro Cívico","Market","Lima District 15101, Peru",-12.0282366,-77.0720097,NA,NA,NA,NA,0,1,1,8,19,31,38,38,30,18,8,0,1,0,0,0,0,0,NA,NA,"We"
"157","Mercado Conde de la Vega","Market","Jiron Acomayo, Av. Dos de Mayo 102, Cercado de Lima 15079, Peru",-12.03794,-77.0490996,NA,NA,NA,NA,NA,0,0,0,24,41,42,33,30,29,26,22,17,12,9,0,0,0,0,NA,"We"
"158","Mercado Corpac","Market","Av. Antunez de Mayolo, Distrito de Lima 15108, Peru",-12.0040721,-77.0942546,NA,NA,NA,NA,NA,0,0,0,30,65,70,47,36,35,33,28,21,0,0,0,0,0,0,NA,"We"
"159","Mercado De Las Praderas","Market","Yarquil 218, Cercado de Lima 15009, Peru",-12.0336931,-76.9626433,NA,NA,NA,NA,0,7,14,24,35,44,46,42,32,23,19,17,14,15,25,16,0,0,NA,NA,"We"
"160","Mercado El Bosque","Market","Av. Proceres de la Independencia 268, Cercado de Lima 15404, Peru",-12.0305244,-77.0128163,NA,NA,0,1,4,11,20,28,31,34,37,39,34,24,17,17,17,13,6,1,NA,NA,NA,NA,"We"
"161","Mercado Elio","Market","Reynaldo Saavedra Pinón 2674, Cercado de Lima 15081, Peru",-12.0545947,-77.0711829,NA,NA,NA,NA,NA,0,0,0,16,30,40,40,36,36,36,40,36,33,0,0,0,0,0,NA,"We"
"162","Mercado Familias Unidas","Market","Ramon Rodriguez Lima, San Juan de Miraflores 15801, Peru",-12.1604042,-76.9650063,NA,NA,NA,NA,NA,0,0,31,53,59,53,46,33,20,12,8,6,0,0,0,0,0,0,NA,"We"
"163","MERCADO FLORA TRISTAN","Market","Flora Tristan 793-845, Cercado de Lima 15818, Peru",-12.1899311,-76.9224535,NA,NA,NA,NA,NA,0,12,28,44,60,72,72,60,44,28,40,60,0,0,0,0,0,0,NA,"We"
"164","Mercado La Aurora","Market","Avenida Emancipación 668 Jirón Cañete 473, Jirón Huancavelica 661, Cercado de Lima 15001, Peru",-12.0451873,-77.0390272,NA,NA,NA,NA,NA,0,13,27,40,48,53,57,56,46,36,37,44,42,27,0,0,0,0,NA,"We"
"165","Mercado La Inmaculada","Market","Av. Materiales 1973, Cercado de Lima 15081, Peru",-12.0410888,-77.0674417,NA,NA,NA,NA,0,7,13,21,29,35,38,35,30,25,20,16,14,11,8,0,0,0,NA,NA,"We"
"166","Mercado La Merced","Market","Jirón Pérez de Tudela, Cercado de Lima 15081, Peru",-12.0359805,-77.0663448,NA,NA,NA,NA,NA,0,11,18,23,24,23,23,22,18,11,11,17,0,0,0,0,0,0,NA,"We"
"167","Mercado La Ponderosa","Market","Av. Universitaria 524, Cercado de Lima 15086, Peru",-12.0850112,-77.0827117,NA,NA,NA,NA,NA,0,10,24,45,66,80,77,61,40,22,0,0,0,0,0,0,0,0,NA,"We"
"168","Mercado Los Incas","Market","Independencia 15332, Peru",-11.9802012,-77.0583666,NA,NA,NA,NA,NA,0,13,26,38,47,52,55,52,43,36,41,63,87,89,66,0,0,0,NA,"We"
"169","Mercado Los Vencedores","Market","de, Sta. Rosa de Lima 1813, San Juan de Lurigancho 15431, Peru",-11.9979722,-77.0003176,NA,NA,NA,NA,NA,0,8,18,29,37,37,30,21,14,10,8,6,5,3,0,0,0,0,NA,"We"
"170","Mercado Mayorista De Frutas","Market","Av Nicolás Arriola 4046, Cercado de Lima 15021, PeruLocated in: Wholesale Market Fruit No. 2",-12.0683307,-76.9975107,NA,NA,NA,0,11,16,21,25,28,29,29,27,23,19,14,10,6,0,0,0,0,NA,NA,NA,"We"
"171","Mercado Mayorista de platanos","Fruit wholesaler","Avenida San Juan 318 San Luis, Lima 15021, Peru",-12.0766797,-77.0084504,NA,NA,NA,NA,NA,0,21,32,44,56,66,75,80,81,78,72,60,46,0,0,0,0,0,NA,"We"
"172","Mercado Moderno Los Cipreses","Market","Mariano Arredondo 2777, Cercado de Lima 15081, Peru",-12.054395,-77.0782005,NA,NA,NA,NA,NA,0,0,33,49,60,61,60,57,47,31,16,0,0,0,0,0,0,0,NA,"We"
"173","Mercado N°. 1 Tahuantinsuyo","Market","Inca Roca 5, Distrito de Lima 15332, Peru",-11.9813587,-77.0531323,NA,NA,NA,NA,0,1,2,7,15,26,36,38,32,22,13,10,10,11,0,0,0,0,NA,NA,"We"
"174","Mercado N°. 2 Surco","Market","Jiron Franklin D. Roosevelt 898, Distrito de Lima 15063, PeruLocated in: Mercado Anexo N°. 2 Surco",-12.1464416,-77.0140783,NA,NA,NA,NA,NA,0,4,11,23,37,48,48,39,28,23,26,29,22,10,0,0,0,0,NA,"We"
"175","Mercado Palermo","Market","avenida 15034, Av Palermo 525, Cercado de Lima, Peru",-12.0814303,-77.0229474,NA,NA,NA,NA,NA,0,13,25,31,33,34,28,19,14,14,17,18,15,0,0,0,0,0,NA,"We"
"176","Mercado Pando","Market","Lima District 15088, Peru",-12.0613848,-77.0779498,NA,NA,NA,NA,0,3,10,21,29,34,37,33,22,12,6,4,4,0,0,0,0,0,NA,NA,"We"
"177","Mercado Paulet","Market","Pedro Paulet 283-297, Cercado de Lima 15102, Peru",-12.0251758,-77.0536684,NA,NA,NA,NA,NA,0,0,28,48,60,61,55,48,39,28,18,10,0,0,0,0,0,0,NA,"We"
"178","Mercado Primero de Mayo","Market","Av. Alejandro Bertello 877, Cercado de Lima 15088, Peru",-12.0639763,-77.071373,NA,NA,NA,NA,NA,0,0,30,47,58,60,54,44,35,30,26,21,0,0,0,0,0,0,NA,"We"
"179","Mercado San Antonio","Market","Avenida Perú 34-35, Cercado de Lima 15106, Peru",-12.029562,-77.0855625,NA,NA,NA,NA,NA,0,6,14,26,38,45,45,36,26,20,21,26,27,22,0,0,0,0,NA,"We"
"180","Mercado San Felipe","Market","Jirón Domingo Martinez Luján 621, Cercado de Lima 15048, Peru",-12.1141104,-77.0163093,NA,NA,NA,NA,NA,0,9,18,22,25,28,28,22,16,12,12,15,18,17,13,8,0,0,NA,"We"
"181","Mercado San Juan","Market","Lima District 15427, Peru",-12.0141815,-76.9990245,NA,NA,NA,NA,NA,0,7,16,29,40,39,27,15,10,8,9,8,6,4,0,0,0,0,NA,"We"
"182","Mercado San Juan Grande","Market","Lima District 15056, Peru",-12.1576741,-76.9842807,NA,NA,NA,NA,NA,0,0,12,26,36,35,26,18,13,10,8,5,0,0,0,0,0,0,NA,"We"
"183","Mercado Santa Isabel De Villa","Market","Lima District 15058, Peru",-12.2003009,-76.9787784,NA,NA,NA,NA,NA,0,0,26,47,65,73,72,65,55,43,31,20,0,0,0,0,0,0,NA,"We"
"184","Mercado Santa Rosa","Market","Palmeras 521, Cercado de Lima 15007, Peru",-12.053296,-76.9811814,NA,NA,NA,NA,0,0,3,11,24,31,27,21,15,10,6,4,4,0,0,0,0,0,NA,NA,"We"
"185","Mercado Santiago Apóstol","Market","Jiron Franklin D. Roosevelt 164, Cercado de Lima 15049, Peru",-12.146325,-77.0070305,NA,NA,NA,NA,NA,0,5,15,28,39,50,71,83,68,44,31,25,0,0,0,0,0,0,NA,"We"
"186","Mercado Tupac Amaru","Market","Lima District 15457, Peru",-12.021798,-76.9676176,NA,NA,NA,NA,0,1,1,12,30,45,48,35,16,4,0,1,1,1,1,1,1,0,NA,NA,"We"
"187","Mercado Vara de Oro","Market","Vara de Oro Avenida Gran Chimú 880, Cercado de Lima 15401, Peru",-12.025329,-76.9985954,NA,NA,NA,NA,NA,0,4,13,23,33,39,38,30,21,15,17,28,40,44,34,18,0,0,NA,"We"
"188","Mercado Virgen de Guadalupe","Market","Jirón Pachitea 374, Cercado de Lima 15001, Peru",-12.0548724,-77.0336883,NA,NA,NA,NA,0,12,30,51,57,46,44,59,63,43,25,17,0,0,0,0,0,0,NA,NA,"We"
"189","Miraflores Indian Market","Market","Av. Petit Thouars 5321, Miraflores 15074, Peru",-12.1161458,-77.0281774,NA,NA,NA,NA,NA,0,0,0,0,27,43,49,45,42,48,56,59,53,39,0,0,0,0,NA,"We"
"190","Municipal Market of San Isidro","Market","Av. Augusto Pérez Araníbar, San Isidro 15076, Peru",-12.1088831,-77.0538501,NA,NA,NA,NA,NA,0,13,24,34,43,54,69,79,70,45,23,0,0,0,0,0,0,0,NA,"We"
"191","Municipal Market Santa Cruz","Market","Calle Gral Mendiburu 1175, Miraflores 15074, Peru",-12.110469,-77.049871,NA,NA,NA,NA,NA,0,14,33,51,59,67,83,83,60,36,24,16,0,0,0,0,0,0,NA,"We"
"192","Rospigliosi Modern Market","Market","Jirón Manuel Segura 537, Cercado de Lima 15046, Peru",-12.079163,-77.0321089,NA,NA,NA,NA,NA,0,0,22,34,37,38,40,34,22,14,13,16,15,9,0,0,0,0,NA,"We"
"193","Santa Rosa Market","Market","Guardia Civil 433, esquina con, Av. Guardia Peruana Urb, Chorrillos 15056, Peru",-12.1832405,-77.0005833,NA,NA,NA,NA,0,7,16,28,40,48,52,53,48,40,35,38,46,50,45,31,0,0,NA,NA,"We"
"194","Special services cooperative winner Miguel Grau","Market","Flor De Mayo 18, Cercado de Lima 15333, Peru",-12.0057505,-77.0520386,NA,NA,NA,NA,NA,0,4,12,24,37,41,37,26,15,7,3,2,0,0,0,0,0,0,NA,"We"
"195","Town and Country Market","Market","Santos Chocano Agullar 174, Rímac 15094, Peru",-12.0251687,-77.0284697,NA,NA,NA,NA,0,2,8,19,32,43,46,41,31,21,15,12,10,7,0,0,0,0,NA,NA,"We"
"196","Alakami Investments","Supermarket","Mercado mayorista, Santa Anita, Peru",-12.0370177,-76.9479746,1,1,9,18,23,25,26,28,30,32,30,23,15,5,1,1,1,1,1,1,1,1,1,1,"Th"
"197","Brena market","Market","Jr. Restauración, Cercado de Lima 15083, Peru",-12.064933,-77.0479141,NA,NA,NA,NA,NA,0,0,22,32,40,43,40,33,27,22,20,18,0,0,0,0,0,0,NA,"Th"
"198","Cachina 12","Market","calle bongara S/N Av Canto Grande PRD. 12 San Juan de Lurigancho Gobierno Regional de Lima LIMA, 36, Peru",-11.9647692,-77.0023254,NA,NA,NA,NA,NA,0,0,0,10,17,22,24,24,25,25,21,12,0,0,0,0,0,0,NA,"Th"
"199","Centro Comercial ""COVIDA""","Market","Av. c/ Calle 15301 Perú, Daniel Hernandez, Lima, Peru",-11.9945527,-77.0767379,NA,NA,NA,NA,NA,0,11,23,39,53,62,64,59,50,42,42,55,75,83,69,42,0,0,NA,"Th"
"200","Eduardo Mercado Chachi Divos","Market","Lima District 15096, Peru",-12.0174017,-77.0272044,NA,NA,NA,NA,NA,0,0,15,26,37,46,51,49,42,32,25,27,43,67,82,73,47,0,NA,"Th"
"201","Elio Cooperative MARKET","Market","Roberto Thorndike Galup 1423, Cercado de Lima 15081, Peru",-12.0555109,-77.068861,NA,NA,NA,NA,NA,0,1,3,13,25,32,30,20,9,2,0,0,1,1,0,0,0,0,NA,"Th"
"202","Future Market Peru","Flea market","Av Carabayllo, Lima 15311, Peru",-11.957948,-77.058859,NA,NA,NA,NA,0,6,17,35,54,64,63,61,58,52,37,21,8,0,0,0,0,0,NA,NA,"Th"
"203","Gran Mercado Conzac","Shopping mall","Av. Angélica Gamarra 850, Cercado de Lima 15302, Peru",-12.0056994,-77.0714531,NA,NA,NA,0,3,9,17,26,33,38,42,40,33,25,21,24,29,31,27,18,10,NA,NA,NA,"Th"
"204","Grumete Salamanca Market","Market","Calle Benjamín Franklin 620, Distrito de Lima 15022, Distrito de Lima 15022, Peru",-12.0670714,-76.9753465,NA,NA,NA,NA,NA,0,15,34,52,61,57,47,38,31,26,22,21,0,0,0,0,0,0,NA,"Th"
"205","José Carlos Mariategui market","Market","Av José Carlos Mariategui 32, Lima 15412, Peru",-11.9680011,-77.0108485,NA,NA,NA,NA,0,6,12,21,30,37,37,34,27,22,19,18,17,16,0,0,0,0,NA,NA,"Th"
"206","jueves Mercado Mirones","Market","Mariano Angulo 2421, Cercado de Lima 15081, Peru",-12.0372318,-77.0724978,NA,NA,NA,NA,0,1,6,17,30,41,46,45,38,27,18,13,9,7,0,0,0,0,NA,NA,"Th"
"207","Market First of June","Market","Av. Alejandro Bertello 800, Cercado de Lima 15088, Peru",-12.0634113,-77.0708737,NA,NA,NA,NA,NA,0,0,24,37,52,66,75,77,72,62,50,37,26,0,0,0,0,0,NA,"Th"
"208","Market October 9","Market","A Gomez, Cercado de Lima 15079, Peru",-12.0376207,-77.0604926,NA,NA,NA,NA,NA,0,0,27,36,45,50,59,63,59,54,40,27,0,0,0,0,0,0,NA,"Th"
"209","Market san gabriel","Market","Azulejos 420, Distrito de Lima 15434, Peru",-11.9908396,-77.0029811,NA,NA,NA,NA,0,4,11,23,36,47,52,49,42,36,34,36,38,38,32,22,0,0,NA,NA,"Th"
"210","Market Santa Rosa","Market","Jirón Amazonas, San Martín de Porres 15106, Peru",-12.0363012,-77.0886102,NA,NA,NA,NA,NA,0,2,2,19,48,67,61,47,40,40,39,36,0,0,0,0,0,0,NA,"Th"
"211","Market The Hermit","Market","Lima District 15333, Peru",-11.9971997,-77.0528444,NA,NA,NA,NA,0,1,6,19,35,46,47,39,27,17,12,11,11,9,5,0,0,0,NA,NA,"Th"
"212","Mercado ""La Merced""","Market","Avenida Emancipación, Cercado de Lima 15001, Peru",-12.0455791,-77.0391687,NA,NA,NA,NA,0,1,7,20,41,57,58,52,51,52,43,31,32,47,51,32,0,0,NA,NA,"Th"
"213","Mercado ""Virgen del Carmen""","Market","Lima District 15434, Peru",-11.9929654,-77.0047444,NA,NA,NA,NA,NA,0,12,28,40,42,41,39,34,26,19,16,14,11,8,5,0,0,0,NA,"Th"
"214","Mercado Artesanal","Market","Calle Gral. Suárez 315, Cercado de Lima 15074, Peru",-12.117468,-77.0279299,1,1,1,1,1,1,0,3,11,32,64,88,84,63,54,65,77,75,55,30,12,4,0,1,"Th"
"215","Mercado Artesanal San Borja","Market","Av San Luis 1873, Lima 15021, Peru",-12.0855981,-76.9966405,NA,NA,NA,NA,NA,0,1,8,19,34,49,59,60,53,40,32,48,75,62,20,0,0,0,NA,"Th"
"216","Mercado Bolivar Pueblo Libre","Market","Jirón Mariano Pastor Sevilla 287-129, Cercado de Lima 15084, Peru",-12.0733048,-77.0656046,NA,NA,NA,NA,NA,0,7,18,30,39,48,58,56,39,26,21,18,12,0,0,0,0,0,NA,"Th"
"217","Mercado Buenos Aires","Market","Prol. Lucanas 283, Cercado de Lima 15001, Peru",-12.0542514,-77.0195084,NA,NA,NA,NA,NA,0,15,31,37,41,52,57,46,27,14,6,2,1,0,0,0,0,0,NA,"Th"
"218","Mercado Canta Callao","Market","Lima District 15109, Peru",-11.9835095,-77.0979738,NA,NA,NA,NA,0,2,10,28,52,65,63,47,28,18,13,10,7,0,0,0,0,0,NA,NA,"Th"
"219","Mercado Central","Shopping mall","Jirón Ucayali 615, Cercado de Lima 15001, Peru",-12.0502319,-77.0260494,NA,NA,NA,NA,NA,0,3,8,17,29,44,57,65,65,60,58,61,62,50,28,0,0,0,NA,"Th"
"220","Mercado Centro Cívico","Market","Lima District 15101, Peru",-12.0282366,-77.0720097,NA,NA,NA,NA,0,1,1,5,19,36,44,38,27,14,3,1,1,0,0,0,0,0,NA,NA,"Th"
"221","Mercado Conde de la Vega","Market","Jiron Acomayo, Av. Dos de Mayo 102, Cercado de Lima 15079, Peru",-12.03794,-77.0490996,NA,NA,NA,NA,NA,0,0,0,33,47,49,40,27,19,16,15,13,12,10,0,0,0,0,NA,"Th"
"222","Mercado Corpac","Market","Av. Antunez de Mayolo, Distrito de Lima 15108, Peru",-12.0040721,-77.0942546,NA,NA,NA,NA,NA,0,0,0,30,61,85,83,67,58,56,50,34,0,0,0,0,0,0,NA,"Th"
"223","Mercado De Las Praderas","Market","Yarquil 218, Cercado de Lima 15009, Peru",-12.0336931,-76.9626433,NA,NA,NA,NA,0,7,14,24,35,46,50,48,42,33,26,21,17,15,12,10,0,0,NA,NA,"Th"
"224","Mercado El Bosque","Market","Av. Proceres de la Independencia 268, Cercado de Lima 15404, Peru",-12.0305244,-77.0128163,NA,NA,0,2,6,14,25,32,35,36,41,43,38,29,23,22,20,13,5,1,NA,NA,NA,NA,"Th"
"225","Mercado Elio","Market","Reynaldo Saavedra Pinón 2674, Cercado de Lima 15081, Peru",-12.0545947,-77.0711829,NA,NA,NA,NA,NA,0,0,0,33,36,43,46,46,46,40,30,23,20,0,0,0,0,0,NA,"Th"
"226","Mercado Familias Unidas","Market","Ramon Rodriguez Lima, San Juan de Miraflores 15801, Peru",-12.1604042,-76.9650063,NA,NA,NA,NA,NA,0,0,37,51,56,56,47,31,18,12,9,7,0,0,0,0,0,0,NA,"Th"
"227","MERCADO FLORA TRISTAN","Market","Flora Tristan 793-845, Cercado de Lima 15818, Peru",-12.1899311,-76.9224535,NA,NA,NA,NA,NA,0,20,36,52,60,64,68,72,72,64,52,40,0,0,0,0,0,0,NA,"Th"
"228","Mercado La Aurora","Market","Avenida Emancipación 668 Jirón Cañete 473, Jirón Huancavelica 661, Cercado de Lima 15001, Peru",-12.0451873,-77.0390272,NA,NA,NA,NA,NA,0,15,34,52,59,60,64,62,49,36,39,49,46,28,0,0,0,0,NA,"Th"
"229","Mercado La Inmaculada","Market","Av. Materiales 1973, Cercado de Lima 15081, Peru",-12.0410888,-77.0674417,NA,NA,NA,NA,0,9,27,35,28,28,32,33,29,23,18,16,15,14,10,0,0,0,NA,NA,"Th"
"230","Mercado La Merced","Market","Jirón Pérez de Tudela, Cercado de Lima 15081, Peru",-12.0359805,-77.0663448,NA,NA,NA,NA,NA,0,8,18,28,36,39,37,29,20,11,8,14,0,0,0,0,0,0,NA,"Th"
"231","Mercado La Ponderosa","Market","Av. Universitaria 524, Cercado de Lima 15086, Peru",-12.0850112,-77.0827117,NA,NA,NA,NA,NA,0,8,22,43,68,82,82,68,50,31,0,0,0,0,0,0,0,0,NA,"Th"
"232","Mercado Los Incas","Market","Independencia 15332, Peru",-11.9802012,-77.0583666,NA,NA,NA,NA,NA,0,15,28,39,47,52,57,60,56,45,43,62,91,97,69,0,0,0,NA,"Th"
"233","Mercado Los Vencedores","Market","de, Sta. Rosa de Lima 1813, San Juan de Lurigancho 15431, Peru",-11.9979722,-77.0003176,NA,NA,NA,NA,NA,0,11,22,33,38,36,28,20,13,10,8,6,5,4,0,0,0,0,NA,"Th"
"234","Mercado Mayorista De Frutas","Market","Av Nicolás Arriola 4046, Cercado de Lima 15021, PeruLocated in: Wholesale Market Fruit No. 2",-12.0683307,-76.9975107,NA,NA,NA,0,16,23,30,35,36,34,31,27,23,19,16,12,8,0,0,0,0,NA,NA,NA,"Th"
"235","Mercado Mayorista de platanos","Fruit wholesaler","Avenida San Juan 318 San Luis, Lima 15021, Peru",-12.0766797,-77.0084504,NA,NA,NA,NA,NA,0,31,44,56,66,73,76,79,83,87,87,78,58,0,0,0,0,0,NA,"Th"
"236","Mercado Moderno Los Cipreses","Market","Mariano Arredondo 2777, Cercado de Lima 15081, Peru",-12.054395,-77.0782005,NA,NA,NA,NA,NA,0,0,31,47,60,68,73,69,51,28,12,0,0,0,0,0,0,0,NA,"Th"
"237","Mercado N°. 1 Tahuantinsuyo","Market","Inca Roca 5, Distrito de Lima 15332, Peru",-11.9813587,-77.0531323,NA,NA,NA,NA,0,0,2,6,16,30,42,44,35,23,15,12,11,11,0,0,0,0,NA,NA,"Th"
"238","Mercado N°. 2 Surco","Market","Jiron Franklin D. Roosevelt 898, Distrito de Lima 15063, PeruLocated in: Mercado Anexo N°. 2 Surco",-12.1464416,-77.0140783,NA,NA,NA,NA,NA,0,6,14,26,39,46,45,35,25,21,26,33,29,16,0,0,0,0,NA,"Th"
"239","Mercado Palermo","Market","avenida 15034, Av Palermo 525, Cercado de Lima, Peru",-12.0814303,-77.0229474,NA,NA,NA,NA,NA,0,13,29,36,42,46,40,29,21,18,20,20,17,0,0,0,0,0,NA,"Th"
"240","Mercado Pando","Market","Lima District 15088, Peru",-12.0613848,-77.0779498,NA,NA,NA,NA,0,4,10,21,34,43,43,35,24,16,12,10,8,0,0,0,0,0,NA,NA,"Th"
"241","Mercado Paulet","Market","Pedro Paulet 283-297, Cercado de Lima 15102, Peru",-12.0251758,-77.0536684,NA,NA,NA,NA,NA,0,0,33,60,74,70,63,56,44,28,15,7,0,0,0,0,0,0,NA,"Th"
"242","Mercado Primero de Mayo","Market","Av. Alejandro Bertello 877, Cercado de Lima 15088, Peru",-12.0639763,-77.071373,NA,NA,NA,NA,NA,0,0,30,47,60,63,59,51,42,35,28,21,0,0,0,0,0,0,NA,"Th"
"243","Mercado San Antonio","Market","Avenida Perú 34-35, Cercado de Lima 15106, Peru",-12.029562,-77.0855625,NA,NA,NA,NA,NA,0,7,16,29,42,49,47,37,26,22,24,28,28,23,0,0,0,0,NA,"Th"
"244","Mercado San Felipe","Market","Jirón Domingo Martinez Luján 621, Cercado de Lima 15048, Peru",-12.1141104,-77.0163093,NA,NA,NA,NA,NA,0,12,22,29,32,33,30,23,16,13,14,17,19,17,12,7,0,0,NA,"Th"
"245","Mercado San Juan","Market","Lima District 15427, Peru",-12.0141815,-76.9990245,NA,NA,NA,NA,NA,0,7,17,28,35,34,25,17,11,9,9,10,8,6,0,0,0,0,NA,"Th"
"246","Mercado San Juan Grande","Market","Lima District 15056, Peru",-12.1576741,-76.9842807,NA,NA,NA,NA,NA,0,0,12,28,41,40,30,21,15,10,6,3,0,0,0,0,0,0,NA,"Th"
"247","Mercado Santa Isabel De Villa","Market","Lima District 15058, Peru",-12.2003009,-76.9787784,NA,NA,NA,NA,NA,0,0,39,64,79,76,63,51,43,36,29,21,0,0,0,0,0,0,NA,"Th"
"248","Mercado Santa Rosa","Market","Palmeras 521, Cercado de Lima 15007, Peru",-12.053296,-76.9811814,NA,NA,NA,NA,0,1,5,14,26,36,36,26,14,6,3,2,2,0,0,0,0,0,NA,NA,"Th"
"249","Mercado Santiago Apóstol","Market","Jiron Franklin D. Roosevelt 164, Cercado de Lima 15049, Peru",-12.146325,-77.0070305,NA,NA,NA,NA,NA,0,6,17,27,37,58,86,94,72,45,33,29,0,0,0,0,0,0,NA,"Th"
"250","Mercado Tupac Amaru","Market","Lima District 15457, Peru",-12.021798,-76.9676176,NA,NA,NA,NA,0,1,3,16,31,42,43,33,18,5,1,1,1,1,1,1,1,0,NA,NA,"Th"
"251","Mercado Vara de Oro","Market","Vara de Oro Avenida Gran Chimú 880, Cercado de Lima 15401, Peru",-12.025329,-76.9985954,NA,NA,NA,NA,NA,0,4,13,24,35,41,40,31,20,13,16,29,45,52,45,27,0,0,NA,"Th"
"252","Mercado Virgen de Guadalupe","Market","Jirón Pachitea 374, Cercado de Lima 15001, Peru",-12.0548724,-77.0336883,NA,NA,NA,NA,0,4,27,69,78,48,43,73,90,67,34,16,0,0,0,0,0,0,NA,NA,"Th"
"253","Miraflores Indian Market","Market","Av. Petit Thouars 5321, Miraflores 15074, Peru",-12.1161458,-77.0281774,NA,NA,NA,NA,NA,0,0,0,0,27,52,68,64,51,49,62,75,70,49,0,0,0,0,NA,"Th"
"254","Municipal Market of San Isidro","Market","Av. Augusto Pérez Araníbar, San Isidro 15076, Peru",-12.1088831,-77.0538501,NA,NA,NA,NA,NA,0,14,28,40,46,55,78,100,87,49,21,0,0,0,0,0,0,0,NA,"Th"
"255","Municipal Market Santa Cruz","Market","Calle Gral Mendiburu 1175, Miraflores 15074, Peru",-12.110469,-77.049871,NA,NA,NA,NA,NA,0,18,41,58,63,76,98,98,71,42,26,18,0,0,0,0,0,0,NA,"Th"
"256","Rospigliosi Modern Market","Market","Jirón Manuel Segura 537, Cercado de Lima 15046, Peru",-12.079163,-77.0321089,NA,NA,NA,NA,NA,0,0,19,34,41,44,45,40,28,16,15,20,20,12,0,0,0,0,NA,"Th"
"257","Santa Rosa Market","Market","Guardia Civil 433, esquina con, Av. Guardia Peruana Urb, Chorrillos 15056, Peru",-12.1832405,-77.0005833,NA,NA,NA,NA,0,7,18,32,44,52,57,59,56,46,38,41,52,58,52,35,0,0,NA,NA,"Th"
"258","Special services cooperative winner Miguel Grau","Market","Flor De Mayo 18, Cercado de Lima 15333, Peru",-12.0057505,-77.0520386,NA,NA,NA,NA,NA,0,7,17,30,41,42,34,23,13,8,5,4,0,0,0,0,0,0,NA,"Th"
"259","Town and Country Market","Market","Santos Chocano Agullar 174, Rímac 15094, Peru",-12.0251687,-77.0284697,NA,NA,NA,NA,0,2,9,20,34,45,48,43,32,23,16,13,10,7,0,0,0,0,NA,NA,"Th"
"260","Alakami Investments","Supermarket","Mercado mayorista, Santa Anita, Peru",-12.0370177,-76.9479746,1,1,8,20,28,33,34,36,37,36,31,23,13,3,1,1,1,1,1,1,1,1,1,1,"Fr"
"261","Brena market","Market","Jr. Restauración, Cercado de Lima 15083, Peru",-12.064933,-77.0479141,NA,NA,NA,NA,NA,0,0,23,34,41,44,41,35,29,24,20,17,0,0,0,0,0,0,NA,"Fr"
"262","Cachina 12","Market","calle bongara S/N Av Canto Grande PRD. 12 San Juan de Lurigancho Gobierno Regional de Lima LIMA, 36, Peru",-11.9647692,-77.0023254,NA,NA,NA,NA,NA,0,0,0,10,23,33,34,26,20,23,26,17,0,0,0,0,0,0,NA,"Fr"
"263","Centro Comercial ""COVIDA""","Market","Av. c/ Calle 15301 Perú, Daniel Hernandez, Lima, Peru",-11.9945527,-77.0767379,NA,NA,NA,NA,NA,0,13,24,39,53,62,64,57,47,43,49,66,81,82,65,40,0,0,NA,"Fr"
"264","Eduardo Mercado Chachi Divos","Market","Lima District 15096, Peru",-12.0174017,-77.0272044,NA,NA,NA,NA,NA,0,0,15,34,50,58,57,53,45,34,24,25,42,70,89,82,54,0,NA,"Fr"
"265","Elio Cooperative MARKET","Market","Roberto Thorndike Galup 1423, Cercado de Lima 15081, Peru",-12.0555109,-77.068861,NA,NA,NA,NA,NA,0,1,5,15,27,35,32,21,10,3,2,2,1,1,0,0,0,0,NA,"Fr"
"266","Future Market Peru","Flea market","Av Carabayllo, Lima 15311, Peru",-11.957948,-77.058859,NA,NA,NA,NA,0,7,22,45,61,63,63,70,75,68,52,32,16,0,0,0,0,0,NA,NA,"Fr"
"267","Gran Mercado Conzac","Shopping mall","Av. Angélica Gamarra 850, Cercado de Lima 15302, Peru",-12.0056994,-77.0714531,NA,NA,NA,0,3,10,20,31,39,45,47,45,37,28,24,26,30,32,27,19,11,NA,NA,NA,"Fr"
"268","Grumete Salamanca Market","Market","Calle Benjamín Franklin 620, Distrito de Lima 15022, Distrito de Lima 15022, Peru",-12.0670714,-76.9753465,NA,NA,NA,NA,NA,0,18,36,52,57,52,46,44,41,34,26,21,0,0,0,0,0,0,NA,"Fr"
"269","José Carlos Mariategui market","Market","Av José Carlos Mariategui 32, Lima 15412, Peru",-11.9680011,-77.0108485,NA,NA,NA,NA,0,1,8,28,55,56,39,48,56,33,24,24,25,24,0,0,0,0,NA,NA,"Fr"
"270","jueves Mercado Mirones","Market","Mariano Angulo 2421, Cercado de Lima 15081, Peru",-12.0372318,-77.0724978,NA,NA,NA,NA,0,3,11,25,36,40,44,47,39,26,15,11,9,7,0,0,0,0,NA,NA,"Fr"
"271","Market First of June","Market","Av. Alejandro Bertello 800, Cercado de Lima 15088, Peru",-12.0634113,-77.0708737,NA,NA,NA,NA,NA,0,0,27,43,59,74,83,85,78,66,51,37,24,0,0,0,0,0,NA,"Fr"
"272","Market October 9","Market","A Gomez, Cercado de Lima 15079, Peru",-12.0376207,-77.0604926,NA,NA,NA,NA,NA,0,0,31,77,81,54,40,54,63,54,31,13,0,0,0,0,0,0,NA,"Fr"
"273","Market san gabriel","Market","Azulejos 420, Distrito de Lima 15434, Peru",-11.9908396,-77.0029811,NA,NA,NA,NA,0,4,18,34,41,44,50,53,48,40,36,40,46,47,40,27,0,0,NA,NA,"Fr"
"274","Market Santa Rosa","Market","Jirón Amazonas, San Martín de Porres 15106, Peru",-12.0363012,-77.0886102,NA,NA,NA,NA,NA,0,2,14,39,62,71,65,53,44,40,38,35,0,0,0,0,0,0,NA,"Fr"
"275","Market The Hermit","Market","Lima District 15333, Peru",-11.9971997,-77.0528444,NA,NA,NA,NA,0,1,9,22,38,48,50,43,31,20,14,13,13,11,6,1,0,0,NA,NA,"Fr"
"276","Mercado ""La Merced""","Market","Avenida Emancipación, Cercado de Lima 15001, Peru",-12.0455791,-77.0391687,NA,NA,NA,NA,0,3,16,40,54,47,43,50,53,44,29,20,28,51,58,34,0,0,NA,NA,"Fr"
"277","Mercado ""Virgen del Carmen""","Market","Lima District 15434, Peru",-11.9929654,-77.0047444,NA,NA,NA,NA,NA,0,10,21,34,45,49,43,33,23,17,15,15,13,11,7,0,0,0,NA,"Fr"
"278","Mercado Artesanal","Market","Calle Gral. Suárez 315, Cercado de Lima 15074, Peru",-12.117468,-77.0279299,1,1,1,1,1,0,3,11,26,48,66,72,65,58,65,84,100,96,73,43,20,8,2,1,"Fr"
"279","Mercado Artesanal San Borja","Market","Av San Luis 1873, Lima 15021, Peru",-12.0855981,-76.9966405,NA,NA,NA,NA,NA,0,9,20,34,51,65,72,70,59,44,33,46,75,60,17,0,0,0,NA,"Fr"
"280","Mercado Bolivar Pueblo Libre","Market","Jirón Mariano Pastor Sevilla 287-129, Cercado de Lima 15084, Peru",-12.0733048,-77.0656046,NA,NA,NA,NA,NA,0,6,18,33,43,49,58,60,42,26,21,19,13,0,0,0,0,0,NA,"Fr"
"281","Mercado Buenos Aires","Market","Prol. Lucanas 283, Cercado de Lima 15001, Peru",-12.0542514,-77.0195084,NA,NA,NA,NA,NA,0,17,39,50,57,57,46,31,20,14,9,4,0,0,0,0,0,0,NA,"Fr"
"282","Mercado Canta Callao","Market","Lima District 15109, Peru",-11.9835095,-77.0979738,NA,NA,NA,NA,0,2,5,34,73,100,92,65,44,34,31,26,21,0,0,0,0,0,NA,NA,"Fr"
"283","Mercado Central","Shopping mall","Jirón Ucayali 615, Cercado de Lima 15001, Peru",-12.0502319,-77.0260494,NA,NA,NA,NA,NA,0,3,8,17,30,44,57,65,65,61,59,62,62,51,31,0,0,0,NA,"Fr"
"284","Mercado Centro Cívico","Market","Lima District 15101, Peru",-12.0282366,-77.0720097,NA,NA,NA,NA,0,1,1,7,22,38,49,48,36,19,6,1,1,0,0,0,0,0,NA,NA,"Fr"
"285","Mercado Conde de la Vega","Market","Jiron Acomayo, Av. Dos de Mayo 102, Cercado de Lima 15079, Peru",-12.03794,-77.0490996,NA,NA,NA,NA,NA,0,0,0,25,42,51,45,33,24,21,20,18,16,13,0,0,0,0,NA,"Fr"
"286","Mercado Corpac","Market","Av. Antunez de Mayolo, Distrito de Lima 15108, Peru",-12.0040721,-77.0942546,NA,NA,NA,NA,NA,0,0,0,24,73,80,55,61,71,67,50,30,0,0,0,0,0,0,NA,"Fr"
"287","Mercado De Las Praderas","Market","Yarquil 218, Cercado de Lima 15009, Peru",-12.0336931,-76.9626433,NA,NA,NA,NA,0,6,15,30,48,64,67,60,44,32,25,23,24,23,19,14,0,0,NA,NA,"Fr"
"288","Mercado De Surquillo","Farmers' market","Lizardo Montero 705, Surquillo 15047, PeruLocated in: Market No. 2 Surquillo",-12.1109983,-77.0241483,86,70,54,48,52,57,52,37,20,8,2,0,1,0,0,1,0,5,17,39,68,91,100,96,"Fr"
"289","Mercado El Bosque","Market","Av. Proceres de la Independencia 268, Cercado de Lima 15404, Peru",-12.0305244,-77.0128163,NA,NA,0,0,3,12,26,37,41,46,50,47,37,27,22,21,18,12,6,2,NA,NA,NA,NA,"Fr"
"290","Mercado Elio","Market","Reynaldo Saavedra Pinón 2674, Cercado de Lima 15081, Peru",-12.0545947,-77.0711829,NA,NA,NA,NA,NA,0,0,0,33,43,46,46,43,40,36,36,33,30,0,0,0,0,0,NA,"Fr"
"291","Mercado Familias Unidas","Market","Ramon Rodriguez Lima, San Juan de Miraflores 15801, Peru",-12.1604042,-76.9650063,NA,NA,NA,NA,NA,0,0,35,54,56,61,57,33,15,10,8,6,0,0,0,0,0,0,NA,"Fr"
"292","MERCADO FLORA TRISTAN","Market","Flora Tristan 793-845, Cercado de Lima 15818, Peru",-12.1899311,-76.9224535,NA,NA,NA,NA,NA,0,20,44,76,96,92,72,56,48,44,40,36,0,0,0,0,0,0,NA,"Fr"
"293","Mercado La Aurora","Market","Avenida Emancipación 668 Jirón Cañete 473, Jirón Huancavelica 661, Cercado de Lima 15001, Peru",-12.0451873,-77.0390272,NA,NA,NA,NA,NA,0,13,34,56,65,67,69,65,52,39,38,42,41,31,0,0,0,0,NA,"Fr"
"294","Mercado La Inmaculada","Market","Av. Materiales 1973, Cercado de Lima 15081, Peru",-12.0410888,-77.0674417,NA,NA,NA,NA,0,8,16,26,37,46,48,43,35,25,17,13,12,13,11,0,0,0,NA,NA,"Fr"
"295","Mercado La Merced","Market","Jirón Pérez de Tudela, Cercado de Lima 15081, Peru",-12.0359805,-77.0663448,NA,NA,NA,NA,NA,0,4,35,63,60,42,39,43,34,18,14,23,0,0,0,0,0,0,NA,"Fr"
"296","Mercado La Ponderosa","Market","Av. Universitaria 524, Cercado de Lima 15086, Peru",-12.0850112,-77.0827117,NA,NA,NA,NA,NA,0,17,40,68,89,87,68,52,42,24,0,0,0,0,0,0,0,0,NA,"Fr"
"297","Mercado Los Incas","Market","Independencia 15332, Peru",-11.9802012,-77.0583666,NA,NA,NA,NA,NA,0,11,25,40,51,56,61,62,56,48,51,70,91,94,73,0,0,0,NA,"Fr"
"298","Mercado Los Vencedores","Market","de, Sta. Rosa de Lima 1813, San Juan de Lurigancho 15431, Peru",-11.9979722,-77.0003176,NA,NA,NA,NA,NA,0,8,22,37,44,41,32,22,15,11,9,8,6,5,0,0,0,0,NA,"Fr"
"299","Mercado Mayorista De Frutas","Market","Av Nicolás Arriola 4046, Cercado de Lima 15021, PeruLocated in: Wholesale Market Fruit No. 2",-12.0683307,-76.9975107,NA,NA,NA,0,19,31,40,44,43,43,44,43,38,30,22,14,8,0,0,0,0,NA,NA,NA,"Fr"
"300","Mercado Mayorista de platanos","Fruit wholesaler","Avenida San Juan 318 San Luis, Lima 15021, Peru",-12.0766797,-77.0084504,NA,NA,NA,NA,NA,0,37,54,69,79,86,89,91,91,87,80,66,49,0,0,0,0,0,NA,"Fr"
"301","Mercado Moderno Los Cipreses","Market","Mariano Arredondo 2777, Cercado de Lima 15081, Peru",-12.054395,-77.0782005,NA,NA,NA,NA,NA,0,0,20,41,60,61,48,37,35,32,22,0,0,0,0,0,0,0,NA,"Fr"
"302","Mercado N°. 1 Tahuantinsuyo","Market","Inca Roca 5, Distrito de Lima 15332, Peru",-11.9813587,-77.0531323,NA,NA,NA,NA,0,1,4,11,23,37,48,50,42,30,19,13,11,10,0,0,0,0,NA,NA,"Fr"
"303","Mercado N°. 2 Surco","Market","Jiron Franklin D. Roosevelt 898, Distrito de Lima 15063, PeruLocated in: Mercado Anexo N°. 2 Surco",-12.1464416,-77.0140783,NA,NA,NA,NA,NA,0,7,17,34,51,59,53,39,27,24,28,31,26,15,0,0,0,0,NA,"Fr"
"304","Mercado Palermo","Market","avenida 15034, Av Palermo 525, Cercado de Lima, Peru",-12.0814303,-77.0229474,NA,NA,NA,NA,NA,0,14,33,54,62,54,42,36,35,33,29,22,14,0,0,0,0,0,NA,"Fr"
"305","Mercado Pando","Market","Lima District 15088, Peru",-12.0613848,-77.0779498,NA,NA,NA,NA,0,3,8,20,35,50,54,46,31,17,9,6,4,0,0,0,0,0,NA,NA,"Fr"
"306","Mercado Paulet","Market","Pedro Paulet 283-297, Cercado de Lima 15102, Peru",-12.0251758,-77.0536684,NA,NA,NA,NA,NA,0,0,25,45,65,78,77,64,45,29,18,12,0,0,0,0,0,0,NA,"Fr"
"307","Mercado Primero de Mayo","Market","Av. Alejandro Bertello 877, Cercado de Lima 15088, Peru",-12.0639763,-77.071373,NA,NA,NA,NA,NA,0,0,31,49,64,68,63,52,40,31,26,21,0,0,0,0,0,0,NA,"Fr"
"308","Mercado San Antonio","Market","Avenida Perú 34-35, Cercado de Lima 15106, Peru",-12.029562,-77.0855625,NA,NA,NA,NA,NA,0,8,17,32,46,53,51,40,29,24,26,31,31,25,0,0,0,0,NA,"Fr"
"309","Mercado San Felipe","Market","Jirón Domingo Martinez Luján 621, Cercado de Lima 15048, Peru",-12.1141104,-77.0163093,NA,NA,NA,NA,NA,0,13,26,37,39,36,32,28,22,15,13,15,18,18,15,9,0,0,NA,"Fr"
"310","Mercado San Juan","Market","Lima District 15427, Peru",-12.0141815,-76.9990245,NA,NA,NA,NA,NA,0,10,18,28,36,38,33,23,14,10,10,11,10,6,0,0,0,0,NA,"Fr"
"311","Mercado San Juan Grande","Market","Lima District 15056, Peru",-12.1576741,-76.9842807,NA,NA,NA,NA,NA,0,0,11,29,45,44,30,19,16,16,12,6,0,0,0,0,0,0,NA,"Fr"
"312","Mercado Santa Isabel De Villa","Market","Lima District 15058, Peru",-12.2003009,-76.9787784,NA,NA,NA,NA,NA,0,0,31,56,76,81,76,67,58,47,35,23,0,0,0,0,0,0,NA,"Fr"
"313","Mercado Santa Rosa","Market","Palmeras 521, Cercado de Lima 15007, Peru",-12.053296,-76.9811814,NA,NA,NA,NA,0,2,6,16,29,37,39,26,9,4,3,3,2,0,0,0,0,0,NA,NA,"Fr"
"314","Mercado Santiago Apóstol","Market","Jiron Franklin D. Roosevelt 164, Cercado de Lima 15049, Peru",-12.146325,-77.0070305,NA,NA,NA,NA,NA,0,9,23,38,51,66,79,81,67,49,36,27,0,0,0,0,0,0,NA,"Fr"
"315","Mercado Tupac Amaru","Market","Lima District 15457, Peru",-12.021798,-76.9676176,NA,NA,NA,NA,0,1,6,20,36,45,40,26,11,2,1,1,1,1,1,1,1,0,NA,NA,"Fr"
"316","Mercado Vara de Oro","Market","Vara de Oro Avenida Gran Chimú 880, Cercado de Lima 15401, Peru",-12.025329,-76.9985954,NA,NA,NA,NA,NA,0,2,13,28,40,43,39,31,23,19,25,38,50,53,43,27,0,0,NA,"Fr"
"317","Mercado Virgen de Guadalupe","Market","Jirón Pachitea 374, Cercado de Lima 15001, Peru",-12.0548724,-77.0336883,NA,NA,NA,NA,0,13,35,57,62,58,63,75,75,58,37,24,0,0,0,0,0,0,NA,NA,"Fr"
"318","Miraflores Indian Market","Market","Av. Petit Thouars 5321, Miraflores 15074, Peru",-12.1161458,-77.0281774,NA,NA,NA,NA,NA,0,0,0,0,33,55,65,59,52,57,71,79,70,49,0,0,0,0,NA,"Fr"
"319","Municipal Market of San Isidro","Market","Av. Augusto Pérez Araníbar, San Isidro 15076, Peru",-12.1088831,-77.0538501,NA,NA,NA,NA,NA,0,15,32,48,56,67,86,98,86,57,30,0,0,0,0,0,0,0,NA,"Fr"
"320","Municipal Market Santa Cruz","Market","Calle Gral Mendiburu 1175, Miraflores 15074, Peru",-12.110469,-77.049871,NA,NA,NA,NA,NA,0,16,42,66,77,85,96,94,77,52,32,18,0,0,0,0,0,0,NA,"Fr"
"321","Rospigliosi Modern Market","Market","Jirón Manuel Segura 537, Cercado de Lima 15046, Peru",-12.079163,-77.0321089,NA,NA,NA,NA,NA,0,0,22,42,48,46,47,43,31,21,18,18,15,10,0,0,0,0,NA,"Fr"
"322","Santa Rosa Market","Market","Guardia Civil 433, esquina con, Av. Guardia Peruana Urb, Chorrillos 15056, Peru",-12.1832405,-77.0005833,NA,NA,NA,NA,0,7,18,33,47,55,60,61,58,49,43,45,53,58,53,39,0,0,NA,NA,"Fr"
"323","Special services cooperative winner Miguel Grau","Market","Flor De Mayo 18, Cercado de Lima 15333, Peru",-12.0057505,-77.0520386,NA,NA,NA,NA,NA,0,5,15,31,46,50,39,24,12,6,4,3,0,0,0,0,0,0,NA,"Fr"
"324","Town and Country Market","Market","Santos Chocano Agullar 174, Rímac 15094, Peru",-12.0251687,-77.0284697,NA,NA,NA,NA,0,2,9,22,38,49,50,44,33,23,17,13,10,7,0,0,0,0,NA,NA,"Fr"
"325","Alakami Investments","Supermarket","Mercado mayorista, Santa Anita, Peru",-12.0370177,-76.9479746,1,1,2,14,27,39,47,55,62,65,60,47,29,12,0,1,1,1,1,1,1,1,1,1,"Sa"
"326","Brena market","Market","Jr. Restauración, Cercado de Lima 15083, Peru",-12.064933,-77.0479141,NA,NA,NA,NA,NA,0,0,30,54,71,75,73,67,55,41,28,19,0,0,0,0,0,0,NA,"Sa"
"327","Cachina 12","Market","calle bongara S/N Av Canto Grande PRD. 12 San Juan de Lurigancho Gobierno Regional de Lima LIMA, 36, Peru",-11.9647692,-77.0023254,NA,NA,NA,NA,NA,0,0,0,10,24,37,41,40,37,35,30,23,0,0,0,0,0,0,NA,"Sa"
"328","Centro Comercial ""COVIDA""","Market","Av. c/ Calle 15301 Perú, Daniel Hernandez, Lima, Peru",-11.9945527,-77.0767379,NA,NA,NA,NA,NA,0,10,24,44,68,88,95,88,73,62,64,76,86,83,66,42,0,0,NA,"Sa"
"329","Eduardo Mercado Chachi Divos","Market","Lima District 15096, Peru",-12.0174017,-77.0272044,NA,NA,NA,NA,NA,0,0,19,31,44,55,62,65,62,53,42,41,53,72,84,76,53,0,NA,"Sa"
"330","Elio Cooperative MARKET","Market","Roberto Thorndike Galup 1423, Cercado de Lima 15081, Peru",-12.0555109,-77.068861,NA,NA,NA,NA,NA,0,1,11,28,50,66,66,49,27,10,4,8,6,1,0,0,0,0,NA,"Sa"
"331","Future Market Peru","Flea market","Av Carabayllo, Lima 15311, Peru",-11.957948,-77.058859,NA,NA,NA,NA,0,1,17,76,81,55,80,100,84,50,23,11,7,0,0,0,0,0,NA,NA,"Sa"
"332","Gran Mercado Conzac","Shopping mall","Av. Angélica Gamarra 850, Cercado de Lima 15302, Peru",-12.0056994,-77.0714531,NA,NA,NA,0,4,14,29,45,56,64,70,68,57,44,36,34,35,34,29,20,12,NA,NA,NA,"Sa"
"333","Grumete Salamanca Market","Market","Calle Benjamín Franklin 620, Distrito de Lima 15022, Distrito de Lima 15022, Peru",-12.0670714,-76.9753465,NA,NA,NA,NA,NA,0,24,44,63,75,77,73,63,51,40,34,31,0,0,0,0,0,0,NA,"Sa"
"334","José Carlos Mariategui market","Market","Av José Carlos Mariategui 32, Lima 15412, Peru",-11.9680011,-77.0108485,NA,NA,NA,NA,0,6,17,34,54,64,61,46,34,27,26,27,27,27,0,0,0,0,NA,NA,"Sa"
"335","jueves Mercado Mirones","Market","Mariano Angulo 2421, Cercado de Lima 15081, Peru",-12.0372318,-77.0724978,NA,NA,NA,NA,0,7,16,30,46,60,64,58,49,39,30,22,16,10,0,0,0,0,NA,NA,"Sa"
"336","Market First of June","Market","Av. Alejandro Bertello 800, Cercado de Lima 15088, Peru",-12.0634113,-77.0708737,NA,NA,NA,NA,NA,0,0,43,80,90,83,88,100,99,83,60,37,20,0,0,0,0,0,NA,"Sa"
"337","Market October 9","Market","A Gomez, Cercado de Lima 15079, Peru",-12.0376207,-77.0604926,NA,NA,NA,NA,NA,0,0,31,72,81,59,63,86,95,77,45,27,0,0,0,0,0,0,NA,"Sa"
"338","Market san gabriel","Market","Azulejos 420, Distrito de Lima 15434, Peru",-11.9908396,-77.0029811,NA,NA,NA,NA,0,4,19,39,50,56,68,77,71,57,47,43,41,38,33,28,0,0,NA,NA,"Sa"
"339","Market Santa Rosa","Market","Jirón Amazonas, San Martín de Porres 15106, Peru",-12.0363012,-77.0886102,NA,NA,NA,NA,NA,0,2,5,39,79,100,96,86,80,72,58,40,0,0,0,0,0,0,NA,"Sa"
"340","Market The Hermit","Market","Lima District 15333, Peru",-11.9971997,-77.0528444,NA,NA,NA,NA,0,0,8,24,43,59,63,55,42,29,21,18,16,12,6,1,0,0,NA,NA,"Sa"
"341","Mercado ""La Merced""","Market","Avenida Emancipación, Cercado de Lima 15001, Peru",-12.0455791,-77.0391687,NA,NA,NA,NA,0,3,13,33,60,83,88,80,73,68,54,39,33,36,33,20,0,0,NA,NA,"Sa"
"342","Mercado ""Virgen del Carmen""","Market","Lima District 15434, Peru",-11.9929654,-77.0047444,NA,NA,NA,NA,NA,0,9,23,42,57,61,56,47,37,28,24,21,18,13,8,0,0,0,NA,"Sa"
"343","Mercado Artesanal","Market","Calle Gral. Suárez 315, Cercado de Lima 15074, Peru",-12.117468,-77.0279299,1,1,1,1,1,2,5,11,25,44,62,72,69,62,66,83,100,97,73,43,19,7,2,1,"Sa"
"344","Mercado Artesanal San Borja","Market","Av San Luis 1873, Lima 15021, Peru",-12.0855981,-76.9966405,NA,NA,NA,NA,NA,0,12,29,51,75,94,100,90,70,50,46,66,87,70,31,0,0,0,NA,"Sa"
"345","Mercado Belen","Market","Av Lima 2481, Cercado de Lima 15101, Peru",-12.0295233,-77.0718085,NA,NA,NA,NA,0,7,21,28,28,35,57,78,85,78,64,35,21,0,0,0,0,0,NA,NA,"Sa"
"346","Mercado Bolivar Pueblo Libre","Market","Jirón Mariano Pastor Sevilla 287-129, Cercado de Lima 15084, Peru",-12.0733048,-77.0656046,NA,NA,NA,NA,NA,0,9,24,46,71,90,94,83,64,44,28,17,10,0,0,0,0,0,NA,"Sa"
"347","Mercado Buenos Aires","Market","Prol. Lucanas 283, Cercado de Lima 15001, Peru",-12.0542514,-77.0195084,NA,NA,NA,NA,NA,0,18,42,61,66,65,60,47,30,16,7,2,0,0,0,0,0,0,NA,"Sa"
"348","Mercado Canta Callao","Market","Lima District 15109, Peru",-11.9835095,-77.0979738,NA,NA,NA,NA,0,2,2,13,34,57,76,81,76,63,47,28,13,0,0,0,0,0,NA,NA,"Sa"
"349","Mercado Central","Shopping mall","Jirón Ucayali 615, Cercado de Lima 15001, Peru",-12.0502319,-77.0260494,NA,NA,NA,NA,NA,0,4,10,22,41,63,84,96,100,97,95,92,82,62,37,0,0,0,NA,"Sa"
"350","Mercado Centro Cívico","Market","Lima District 15101, Peru",-12.0282366,-77.0720097,NA,NA,NA,NA,0,1,5,15,29,52,79,89,69,36,13,3,1,0,0,0,0,0,NA,NA,"Sa"
"351","Mercado Conde de la Vega","Market","Jiron Acomayo, Av. Dos de Mayo 102, Cercado de Lima 15079, Peru",-12.03794,-77.0490996,NA,NA,NA,NA,NA,0,0,0,42,60,60,46,35,32,31,30,28,24,20,0,0,0,0,NA,"Sa"
"352","Mercado Corpac","Market","Av. Antunez de Mayolo, Distrito de Lima 15108, Peru",-12.0040721,-77.0942546,NA,NA,NA,NA,NA,0,0,0,45,85,100,80,57,59,70,62,37,0,0,0,0,0,0,NA,"Sa"
"353","Mercado De Las Praderas","Market","Yarquil 218, Cercado de Lima 15009, Peru",-12.0336931,-76.9626433,NA,NA,NA,NA,0,5,15,32,56,79,92,85,66,46,32,28,30,32,28,21,0,0,NA,NA,"Sa"
"354","Mercado El Bosque","Market","Av. Proceres de la Independencia 268, Cercado de Lima 15404, Peru",-12.0305244,-77.0128163,NA,NA,0,0,3,13,32,48,55,59,64,62,49,35,28,25,20,12,5,1,NA,NA,NA,NA,"Sa"
"355","Mercado Elio","Market","Reynaldo Saavedra Pinón 2674, Cercado de Lima 15081, Peru",-12.0545947,-77.0711829,NA,NA,NA,NA,NA,0,0,0,50,76,76,56,46,53,63,66,63,50,0,0,0,0,0,NA,"Sa"
"356","Mercado Familias Unidas","Market","Ramon Rodriguez Lima, San Juan de Miraflores 15801, Peru",-12.1604042,-76.9650063,NA,NA,NA,NA,NA,0,0,32,64,85,93,83,58,34,21,15,10,0,0,0,0,0,0,NA,"Sa"
"357","MERCADO FLORA TRISTAN","Market","Flora Tristan 793-845, Cercado de Lima 15818, Peru",-12.1899311,-76.9224535,NA,NA,NA,NA,NA,0,28,44,60,76,88,100,100,92,76,60,48,0,0,0,0,0,0,NA,"Sa"
"358","Mercado La Aurora","Market","Avenida Emancipación 668 Jirón Cañete 473, Jirón Huancavelica 661, Cercado de Lima 15001, Peru",-12.0451873,-77.0390272,NA,NA,NA,NA,NA,0,15,35,59,75,83,87,86,74,58,51,50,44,29,0,0,0,0,NA,"Sa"
"359","Mercado La Inmaculada","Market","Av. Materiales 1973, Cercado de Lima 15081, Peru",-12.0410888,-77.0674417,NA,NA,NA,NA,0,19,35,49,53,52,53,57,55,46,36,32,30,27,21,0,0,0,NA,NA,"Sa"
"360","Mercado La Merced","Market","Jirón Pérez de Tudela, Cercado de Lima 15081, Peru",-12.0359805,-77.0663448,NA,NA,NA,NA,NA,0,7,32,56,67,73,85,100,97,74,42,17,0,0,0,0,0,0,NA,"Sa"
"361","Mercado La Ponderosa","Market","Av. Universitaria 524, Cercado de Lima 15086, Peru",-12.0850112,-77.0827117,NA,NA,NA,NA,NA,0,15,35,61,85,100,96,78,54,33,0,0,0,0,0,0,0,0,NA,"Sa"
"362","Mercado Los Incas","Market","Independencia 15332, Peru",-11.9802012,-77.0583666,NA,NA,NA,NA,NA,0,12,28,47,63,70,74,78,79,75,75,82,88,80,58,0,0,0,NA,"Sa"
"363","Mercado Los Vencedores","Market","de, Sta. Rosa de Lima 1813, San Juan de Lurigancho 15431, Peru",-11.9979722,-77.0003176,NA,NA,NA,NA,NA,0,14,28,44,57,59,50,35,22,14,10,7,0,0,0,0,0,0,NA,"Sa"
"364","Mercado Mayorista De Frutas","Market","Av Nicolás Arriola 4046, Cercado de Lima 15021, PeruLocated in: Wholesale Market Fruit No. 2",-12.0683307,-76.9975107,NA,NA,NA,0,23,43,59,64,61,61,63,64,59,50,38,27,18,0,0,0,0,NA,NA,NA,"Sa"
"365","Mercado Mayorista de platanos","Fruit wholesaler","Avenida San Juan 318 San Luis, Lima 15021, Peru",-12.0766797,-77.0084504,NA,NA,NA,NA,NA,0,35,50,64,77,86,92,96,96,92,83,69,51,0,0,0,0,0,NA,"Sa"
"366","Mercado Moderno Los Cipreses","Market","Mariano Arredondo 2777, Cercado de Lima 15081, Peru",-12.054395,-77.0782005,NA,NA,NA,NA,NA,0,0,40,62,85,98,97,82,61,41,26,0,0,0,0,0,0,0,NA,"Sa"
"367","Mercado N°. 1 Tahuantinsuyo","Market","Inca Roca 5, Distrito de Lima 15332, Peru",-11.9813587,-77.0531323,NA,NA,NA,NA,0,2,6,15,29,46,59,62,55,42,30,22,18,16,0,0,0,0,NA,NA,"Sa"
"368","Mercado N°. 2 Surco","Market","Jiron Franklin D. Roosevelt 898, Distrito de Lima 15063, PeruLocated in: Mercado Anexo N°. 2 Surco",-12.1464416,-77.0140783,NA,NA,NA,NA,NA,0,9,22,44,68,84,82,66,50,44,46,43,30,15,0,0,0,0,NA,"Sa"
"369","Mercado Palermo","Market","avenida 15034, Av Palermo 525, Cercado de Lima, Peru",-12.0814303,-77.0229474,NA,NA,NA,NA,NA,0,21,38,59,76,82,74,56,36,25,27,30,20,0,0,0,0,0,NA,"Sa"
"370","Mercado Pando","Market","Lima District 15088, Peru",-12.0613848,-77.0779498,NA,NA,NA,NA,0,4,9,20,36,54,66,66,55,38,21,10,5,0,0,0,0,0,NA,NA,"Sa"
"371","Mercado Paulet","Market","Pedro Paulet 283-297, Cercado de Lima 15102, Peru",-12.0251758,-77.0536684,NA,NA,NA,NA,NA,0,0,0,0,68,88,93,81,58,34,18,9,0,0,0,0,0,0,NA,"Sa"
"372","Mercado Primero de Mayo","Market","Av. Alejandro Bertello 877, Cercado de Lima 15088, Peru",-12.0639763,-77.071373,NA,NA,NA,NA,NA,0,0,35,63,84,91,87,77,63,49,37,29,0,0,0,0,0,0,NA,"Sa"
"373","Mercado San Antonio","Market","Avenida Perú 34-35, Cercado de Lima 15106, Peru",-12.029562,-77.0855625,NA,NA,NA,NA,NA,0,8,20,38,59,73,74,62,46,37,36,39,37,29,0,0,0,0,NA,"Sa"
"374","Mercado San Felipe","Market","Jirón Domingo Martinez Luján 621, Cercado de Lima 15048, Peru",-12.1141104,-77.0163093,NA,NA,NA,NA,NA,0,22,39,54,59,59,55,46,33,23,20,20,19,16,12,8,0,0,NA,"Sa"
"375","Mercado San Juan","Market","Lima District 15427, Peru",-12.0141815,-76.9990245,NA,NA,NA,NA,NA,0,11,24,41,54,55,44,30,20,15,13,11,8,5,0,0,0,0,NA,"Sa"
"376","Mercado San Juan Grande","Market","Lima District 15056, Peru",-12.1576741,-76.9842807,NA,NA,NA,NA,NA,0,0,17,40,63,73,63,44,28,20,15,9,0,0,0,0,0,0,NA,"Sa"
"377","Mercado Santa Isabel De Villa","Market","Lima District 15058, Peru",-12.2003009,-76.9787784,NA,NA,NA,NA,NA,0,0,24,56,88,100,90,75,64,53,41,29,0,0,0,0,0,0,NA,"Sa"
"378","Mercado Santa Rosa","Market","Palmeras 521, Cercado de Lima 15007, Peru",-12.053296,-76.9811814,NA,NA,NA,NA,0,1,6,17,37,55,58,43,23,11,6,4,3,0,0,0,0,0,NA,NA,"Sa"
"379","Mercado Santiago Apóstol","Market","Jiron Franklin D. Roosevelt 164, Cercado de Lima 15049, Peru",-12.146325,-77.0070305,NA,NA,NA,NA,NA,0,9,28,52,70,78,88,100,99,80,55,35,0,0,0,0,0,0,NA,"Sa"
"380","Mercado Tupac Amaru","Market","Lima District 15457, Peru",-12.021798,-76.9676176,NA,NA,NA,NA,0,1,6,20,38,51,53,42,26,13,6,4,4,4,4,2,0,0,NA,NA,"Sa"
"381","Mercado Vara de Oro","Market","Vara de Oro Avenida Gran Chimú 880, Cercado de Lima 15401, Peru",-12.025329,-76.9985954,NA,NA,NA,NA,NA,0,7,19,37,55,67,67,56,42,35,38,48,56,55,44,28,0,0,NA,"Sa"
"382","Mercado Virgen de Guadalupe","Market","Jirón Pachitea 374, Cercado de Lima 15001, Peru",-12.0548724,-77.0336883,NA,NA,NA,NA,0,8,20,37,52,64,75,79,75,60,41,24,0,0,0,0,0,0,NA,NA,"Sa"
"383","Miraflores Indian Market","Market","Av. Petit Thouars 5321, Miraflores 15074, Peru",-12.1161458,-77.0281774,NA,NA,NA,NA,NA,0,0,0,0,33,60,78,76,63,61,79,100,97,68,0,0,0,0,NA,"Sa"
"384","Municipal Market of San Isidro","Market","Av. Augusto Pérez Araníbar, San Isidro 15076, Peru",-12.1088831,-77.0538501,NA,NA,NA,NA,NA,0,17,32,44,49,58,72,78,70,52,34,0,0,0,0,0,0,0,NA,"Sa"
"385","Municipal Market Santa Cruz","Market","Calle Gral Mendiburu 1175, Miraflores 15074, Peru",-12.110469,-77.049871,NA,NA,NA,NA,NA,0,16,33,52,70,82,86,80,65,45,26,14,0,0,0,0,0,0,NA,"Sa"
"386","Rospigliosi Modern Market","Market","Jirón Manuel Segura 537, Cercado de Lima 15046, Peru",-12.079163,-77.0321089,NA,NA,NA,NA,NA,0,0,31,56,62,63,69,62,43,28,24,21,15,7,0,0,0,0,NA,"Sa"
"387","Santa Rosa Market","Market","Guardia Civil 433, esquina con, Av. Guardia Peruana Urb, Chorrillos 15056, Peru",-12.1832405,-77.0005833,NA,NA,NA,NA,0,8,20,39,59,75,85,87,83,72,61,56,56,54,46,33,0,0,NA,NA,"Sa"
"388","Special services cooperative winner Miguel Grau","Market","Flor De Mayo 18, Cercado de Lima 15333, Peru",-12.0057505,-77.0520386,NA,NA,NA,NA,NA,0,6,16,34,51,58,51,36,20,10,5,4,0,0,0,0,0,0,NA,"Sa"
"389","Town and Country Market","Market","Santos Chocano Agullar 174, Rímac 15094, Peru",-12.0251687,-77.0284697,NA,NA,NA,NA,0,2,9,23,43,62,72,67,52,36,25,20,17,13,0,0,0,0,NA,NA,"Sa"
"390","Alakami Investments","Supermarket","Mercado mayorista, Santa Anita, Peru",-12.0370177,-76.9479746,1,1,1,5,16,28,42,59,79,96,100,82,49,18,1,1,1,1,1,1,1,1,1,1,"Su"
"391","Brena market","Market","Jr. Restauración, Cercado de Lima 15083, Peru",-12.064933,-77.0479141,NA,NA,NA,NA,NA,0,0,30,56,83,100,99,85,66,46,29,16,0,0,0,0,0,0,NA,"Su"
"392","Cachina 12","Market","calle bongara S/N Av Canto Grande PRD. 12 San Juan de Lurigancho Gobierno Regional de Lima LIMA, 36, Peru",-11.9647692,-77.0023254,NA,NA,NA,NA,NA,0,0,0,31,70,100,97,78,64,56,43,25,0,0,0,0,0,0,NA,"Su"
"393","Centro Comercial ""COVIDA""","Market","Av. c/ Calle 15301 Perú, Daniel Hernandez, Lima, Peru",-11.9945527,-77.0767379,NA,NA,NA,NA,NA,0,8,21,41,67,89,97,89,70,52,48,57,66,63,45,25,0,0,NA,"Su"
"394","Eduardo Mercado Chachi Divos","Market","Lima District 15096, Peru",-12.0174017,-77.0272044,NA,NA,NA,NA,NA,0,0,15,30,49,67,78,80,72,59,49,53,72,95,100,79,45,0,NA,"Su"
"395","Elio Cooperative MARKET","Market","Roberto Thorndike Galup 1423, Cercado de Lima 15081, Peru",-12.0555109,-77.068861,NA,NA,NA,NA,NA,0,1,12,37,71,99,100,73,39,14,4,2,1,1,0,0,0,0,NA,"Su"
"396","Future Market Peru","Flea market","Av Carabayllo, Lima 15311, Peru",-11.957948,-77.058859,NA,NA,NA,NA,0,3,14,41,64,81,96,97,80,53,30,14,5,0,0,0,0,0,NA,NA,"Su"
"397","Gran Mercado Conzac","Shopping mall","Av. Angélica Gamarra 850, Cercado de Lima 15302, Peru",-12.0056994,-77.0714531,NA,NA,NA,0,4,13,30,50,71,88,100,97,77,51,34,29,27,25,20,13,8,NA,NA,NA,"Su"
"398","Grumete Salamanca Market","Market","Calle Benjamín Franklin 620, Distrito de Lima 15022, Distrito de Lima 15022, Peru",-12.0670714,-76.9753465,NA,NA,NA,NA,NA,0,20,41,69,92,100,91,75,59,48,39,32,0,0,0,0,0,0,NA,"Su"
"399","José Carlos Mariategui market","Market","Av José Carlos Mariategui 32, Lima 15412, Peru",-11.9680011,-77.0108485,NA,NA,NA,NA,0,8,14,25,38,50,60,72,87,100,100,86,63,42,0,0,0,0,NA,NA,"Su"
"400","jueves Mercado Mirones","Market","Mariano Angulo 2421, Cercado de Lima 15081, Peru",-12.0372318,-77.0724978,NA,NA,NA,NA,0,8,18,35,58,83,100,99,79,51,26,12,5,3,0,0,0,0,NA,NA,"Su"
"401","Market First of June","Market","Av. Alejandro Bertello 800, Cercado de Lima 15088, Peru",-12.0634113,-77.0708737,NA,NA,NA,NA,NA,0,0,36,49,59,68,79,89,93,86,64,40,19,0,0,0,0,0,NA,"Su"
"402","Market October 9","Market","A Gomez, Cercado de Lima 15079, Peru",-12.0376207,-77.0604926,NA,NA,NA,NA,NA,0,0,31,59,90,100,86,63,50,45,36,31,0,0,0,0,0,0,NA,"Su"
"403","Market san gabriel","Market","Azulejos 420, Distrito de Lima 15434, Peru",-11.9908396,-77.0029811,NA,NA,NA,NA,0,10,24,44,68,89,100,96,81,63,50,45,44,42,37,29,0,0,NA,NA,"Su"
"404","Market Santa Rosa","Market","Jirón Amazonas, San Martín de Porres 15106, Peru",-12.0363012,-77.0886102,NA,NA,NA,NA,NA,0,2,9,25,43,60,72,73,61,39,19,5,0,0,0,0,0,0,NA,"Su"
"405","Market The Hermit","Market","Lima District 15333, Peru",-11.9971997,-77.0528444,NA,NA,NA,NA,0,1,10,30,60,88,100,87,61,38,23,16,11,7,2,1,0,0,NA,NA,"Su"
"406","Mercado ""La Merced""","Market","Avenida Emancipación, Cercado de Lima 15001, Peru",-12.0455791,-77.0391687,NA,NA,NA,NA,0,0,5,18,43,77,100,96,72,50,40,38,31,20,10,3,0,0,NA,NA,"Su"
"407","Mercado ""Virgen del Carmen""","Market","Lima District 15434, Peru",-11.9929654,-77.0047444,NA,NA,NA,NA,NA,0,11,29,57,85,100,92,69,45,30,25,24,21,15,8,0,0,0,NA,"Su"
"408","Mercado Artesanal","Market","Calle Gral. Suárez 315, Cercado de Lima 15074, Peru",-12.117468,-77.0279299,0,0,0,0,0,1,2,11,28,53,75,82,71,57,56,70,78,67,42,18,5,1,0,0,"Su"
"409","Mercado Artesanal San Borja","Market","Av San Luis 1873, Lima 15021, Peru",-12.0855981,-76.9966405,NA,NA,NA,NA,NA,0,0,20,44,69,84,82,68,53,40,25,10,0,0,0,0,0,0,NA,"Su"
"410","Mercado Belen","Market","Av Lima 2481, Cercado de Lima 15101, Peru",-12.0295233,-77.0718085,NA,NA,NA,NA,0,14,21,28,35,50,64,85,100,100,85,64,42,0,0,0,0,0,NA,NA,"Su"
"411","Mercado Bolivar Pueblo Libre","Market","Jirón Mariano Pastor Sevilla 287-129, Cercado de Lima 15084, Peru",-12.0733048,-77.0656046,NA,NA,NA,NA,NA,0,9,25,50,77,96,100,86,63,41,24,13,5,0,0,0,0,0,NA,"Su"
"412","Mercado Buenos Aires","Market","Prol. Lucanas 283, Cercado de Lima 15001, Peru",-12.0542514,-77.0195084,NA,NA,NA,NA,NA,0,11,46,80,91,100,98,76,46,20,5,1,0,0,0,0,0,0,NA,"Su"
"413","Mercado Canta Callao","Market","Lima District 15109, Peru",-11.9835095,-77.0979738,NA,NA,NA,NA,0,2,2,15,36,60,73,68,52,34,26,23,23,0,0,0,0,0,NA,NA,"Su"
"414","Mercado Central","Shopping mall","Jirón Ucayali 615, Cercado de Lima 15001, Peru",-12.0502319,-77.0260494,NA,NA,NA,NA,NA,0,1,5,12,25,41,56,64,64,58,47,34,0,0,0,0,0,0,NA,"Su"
"415","Mercado Centro Cívico","Market","Lima District 15101, Peru",-12.0282366,-77.0720097,NA,NA,NA,NA,0,1,2,19,47,79,100,96,72,42,19,5,1,0,0,0,0,0,NA,NA,"Su"
"416","Mercado Conde de la Vega","Market","Jiron Acomayo, Av. Dos de Mayo 102, Cercado de Lima 15079, Peru",-12.03794,-77.0490996,NA,NA,NA,NA,NA,0,0,0,61,93,100,87,66,46,33,27,23,19,15,0,0,0,0,NA,"Su"
"417","Mercado Corpac","Market","Av. Antunez de Mayolo, Distrito de Lima 15108, Peru",-12.0040721,-77.0942546,NA,NA,NA,NA,NA,0,0,0,34,60,72,70,67,60,45,27,14,0,0,0,0,0,0,NA,"Su"
"418","Mercado De Las Praderas","Market","Yarquil 218, Cercado de Lima 15009, Peru",-12.0336931,-76.9626433,NA,NA,NA,NA,0,11,24,46,70,91,100,92,74,53,37,25,17,12,8,5,0,0,NA,NA,"Su"
"419","Mercado El Bosque","Market","Av. Proceres de la Independencia 268, Cercado de Lima 15404, Peru",-12.0305244,-77.0128163,NA,NA,0,0,3,12,31,53,70,85,100,99,77,51,34,24,14,6,2,0,NA,NA,NA,NA,"Su"
"420","Mercado Elio","Market","Reynaldo Saavedra Pinón 2674, Cercado de Lima 15081, Peru",-12.0545947,-77.0711829,NA,NA,NA,NA,NA,0,0,0,26,70,100,90,60,53,73,86,76,50,0,0,0,0,0,NA,"Su"
"421","Mercado Familias Unidas","Market","Ramon Rodriguez Lima, San Juan de Miraflores 15801, Peru",-12.1604042,-76.9650063,NA,NA,NA,NA,NA,0,0,39,66,83,95,100,80,46,22,10,5,0,0,0,0,0,0,NA,"Su"
"422","MERCADO FLORA TRISTAN","Market","Flora Tristan 793-845, Cercado de Lima 15818, Peru",-12.1899311,-76.9224535,NA,NA,NA,NA,NA,0,32,48,64,76,84,80,68,52,36,20,16,0,0,0,0,0,0,NA,"Su"
"423","Mercado La Aurora","Market","Avenida Emancipación 668 Jirón Cañete 473, Jirón Huancavelica 661, Cercado de Lima 15001, Peru",-12.0451873,-77.0390272,NA,NA,NA,NA,NA,0,13,38,70,91,98,100,88,63,35,0,0,0,0,0,0,0,0,NA,"Su"
"424","Mercado La Inmaculada","Market","Av. Materiales 1973, Cercado de Lima 15081, Peru",-12.0410888,-77.0674417,NA,NA,NA,NA,0,9,40,84,93,87,97,100,80,50,29,21,21,18,14,0,0,0,NA,NA,"Su"
"425","Mercado La Merced","Market","Jirón Pérez de Tudela, Cercado de Lima 15081, Peru",-12.0359805,-77.0663448,NA,NA,NA,NA,NA,0,5,20,38,55,66,64,52,36,20,9,2,0,0,0,0,0,0,NA,"Su"
"426","Mercado Los Incas","Market","Independencia 15332, Peru",-11.9802012,-77.0583666,NA,NA,NA,NA,NA,0,13,26,44,63,79,85,81,71,62,58,58,55,45,30,0,0,0,NA,"Su"
"427","Mercado Los Vencedores","Market","de, Sta. Rosa de Lima 1813, San Juan de Lurigancho 15431, Peru",-11.9979722,-77.0003176,NA,NA,NA,NA,NA,0,21,44,73,95,100,83,56,31,15,0,0,0,0,0,0,0,0,NA,"Su"
"428","Mercado Mayorista De Frutas","Market","Av Nicolás Arriola 4046, Cercado de Lima 15021, PeruLocated in: Wholesale Market Fruit No. 2",-12.0683307,-76.9975107,NA,NA,NA,0,25,42,60,75,89,100,98,82,56,33,17,9,5,0,0,0,0,NA,NA,NA,"Su"
"429","Mercado Mayorista de platanos","Fruit wholesaler","Avenida San Juan 318 San Luis, Lima 15021, Peru",-12.0766797,-77.0084504,NA,NA,NA,NA,NA,0,32,45,57,66,71,73,70,63,52,39,26,14,0,0,0,0,0,NA,"Su"
"430","Mercado Moderno Los Cipreses","Market","Mariano Arredondo 2777, Cercado de Lima 15081, Peru",-12.054395,-77.0782005,NA,NA,NA,NA,NA,0,0,51,80,97,100,96,79,52,30,17,0,0,0,0,0,0,0,NA,"Su"
"431","Mercado N°. 1 Tahuantinsuyo","Market","Inca Roca 5, Distrito de Lima 15332, Peru",-11.9813587,-77.0531323,NA,NA,NA,NA,0,2,8,23,49,80,100,97,75,50,35,28,25,21,0,0,0,0,NA,NA,"Su"
"432","Mercado N°. 2 Surco","Market","Jiron Franklin D. Roosevelt 898, Distrito de Lima 15063, PeruLocated in: Mercado Anexo N°. 2 Surco",-12.1464416,-77.0140783,NA,NA,NA,NA,NA,0,7,26,53,74,89,100,92,69,50,43,39,28,15,0,0,0,0,NA,"Su"
"433","Mercado Palermo","Market","avenida 15034, Av Palermo 525, Cercado de Lima, Peru",-12.0814303,-77.0229474,NA,NA,NA,NA,NA,0,18,39,66,90,100,91,71,51,37,27,19,12,0,0,0,0,0,NA,"Su"
"434","Mercado Pando","Market","Lima District 15088, Peru",-12.0613848,-77.0779498,NA,NA,NA,NA,0,6,17,39,67,92,100,86,60,36,20,13,8,0,0,0,0,0,NA,NA,"Su"
"435","Mercado Paulet","Market","Pedro Paulet 283-297, Cercado de Lima 15102, Peru",-12.0251758,-77.0536684,NA,NA,NA,NA,NA,0,0,0,0,84,100,97,78,53,29,13,6,0,0,0,0,0,0,NA,"Su"
"436","Mercado Primero de Mayo","Market","Av. Alejandro Bertello 877, Cercado de Lima 15088, Peru",-12.0639763,-77.071373,NA,NA,NA,NA,NA,0,0,39,67,91,100,90,70,48,33,23,17,0,0,0,0,0,0,NA,"Su"
"437","Mercado San Antonio","Market","Avenida Perú 34-35, Cercado de Lima 15106, Peru",-12.029562,-77.0855625,NA,NA,NA,NA,NA,0,10,24,48,75,96,100,84,59,40,34,37,37,30,0,0,0,0,NA,"Su"
"438","Mercado San Felipe","Market","Jirón Domingo Martinez Luján 621, Cercado de Lima 15048, Peru",-12.1141104,-77.0163093,NA,NA,NA,NA,NA,0,21,41,66,89,100,93,73,49,30,20,17,18,17,13,8,0,0,NA,"Su"
"439","Mercado San Juan","Market","Lima District 15427, Peru",-12.0141815,-76.9990245,NA,NA,NA,NA,NA,0,7,23,51,82,100,90,60,30,12,6,5,5,2,0,0,0,0,NA,"Su"
"440","Mercado San Juan Grande","Market","Lima District 15056, Peru",-12.1576741,-76.9842807,NA,NA,NA,NA,NA,0,0,25,52,82,100,94,71,43,23,11,5,0,0,0,0,0,0,NA,"Su"
"441","Mercado Santa Isabel De Villa","Market","Lima District 15058, Peru",-12.2003009,-76.9787784,NA,NA,NA,NA,NA,0,0,24,61,74,56,51,61,63,50,32,17,0,0,0,0,0,0,NA,"Su"
"442","Mercado Santa Rosa","Market","Palmeras 521, Cercado de Lima 15007, Peru",-12.053296,-76.9811814,NA,NA,NA,NA,0,2,9,28,60,92,100,78,44,19,8,5,3,0,0,0,0,0,NA,NA,"Su"
"443","Mercado Santiago Apóstol","Market","Jiron Franklin D. Roosevelt 164, Cercado de Lima 15049, Peru",-12.146325,-77.0070305,NA,NA,NA,NA,NA,0,4,17,38,61,79,88,89,80,62,41,22,0,0,0,0,0,0,NA,"Su"
"444","Mercado Tupac Amaru","Market","Lima District 15457, Peru",-12.021798,-76.9676176,NA,NA,NA,NA,0,1,13,39,72,97,100,78,47,21,7,3,4,5,4,2,1,0,NA,NA,"Su"
"445","Mercado Vara de Oro","Market","Vara de Oro Avenida Gran Chimú 880, Cercado de Lima 15401, Peru",-12.025329,-76.9985954,NA,NA,NA,NA,NA,0,8,26,52,81,100,98,77,50,31,27,36,45,45,33,17,0,0,NA,"Su"
"446","Mercado Virgen de Guadalupe","Market","Jirón Pachitea 374, Cercado de Lima 15001, Peru",-12.0548724,-77.0336883,NA,NA,NA,NA,0,1,10,29,44,42,35,33,29,21,12,5,0,0,0,0,0,0,NA,NA,"Su"
"447","Miraflores Indian Market","Market","Av. Petit Thouars 5321, Miraflores 15074, Peru",-12.1161458,-77.0281774,NA,NA,NA,NA,NA,0,0,0,0,21,43,61,65,62,62,61,0,0,0,0,0,0,0,NA,"Su"
"448","Municipal Market of San Isidro","Market","Av. Augusto Pérez Araníbar, San Isidro 15076, Peru",-12.1088831,-77.0538501,NA,NA,NA,NA,NA,0,5,14,30,51,69,76,67,48,28,13,0,0,0,0,0,0,0,NA,"Su"
"449","Municipal Market Santa Cruz","Market","Calle Gral Mendiburu 1175, Miraflores 15074, Peru",-12.110469,-77.049871,NA,NA,NA,NA,NA,0,8,18,29,39,47,48,43,32,20,12,7,0,0,0,0,0,0,NA,"Su"
"450","Rospigliosi Modern Market","Market","Jirón Manuel Segura 537, Cercado de Lima 15046, Peru",-12.079163,-77.0321089,NA,NA,NA,NA,NA,0,0,36,73,87,95,100,84,56,35,25,20,13,7,0,0,0,0,NA,"Su"
"451","Santa Rosa Market","Market","Guardia Civil 433, esquina con, Av. Guardia Peruana Urb, Chorrillos 15056, Peru",-12.1832405,-77.0005833,NA,NA,NA,NA,0,6,16,33,56,79,96,100,90,74,57,44,34,27,21,15,0,0,NA,NA,"Su"
"452","Special services cooperative winner Miguel Grau","Market","Flor De Mayo 18, Cercado de Lima 15333, Peru",-12.0057505,-77.0520386,NA,NA,NA,NA,NA,0,5,18,47,82,100,84,50,23,11,7,5,0,0,0,0,0,0,NA,"Su"
"453","Town and Country Market","Market","Santos Chocano Agullar 174, Rímac 15094, Peru",-12.0251687,-77.0284697,NA,NA,NA,NA,0,3,12,30,57,84,100,95,74,50,32,20,14,9,0,0,0,0,NA,NA,"Su"
